defName,label,kind,flies,adjudication,mod,biomes,reasons,max_flight_time,frame_prefix,frame_count,frame_source,frame_provenance,canon_entry,art_live,art_protected,last_ruling,flight_tex_ledger,pending_jobs,intelligence,body,desc_snippet,canon_snippet,file
Aiwha,Aiwha,donor,flies (donor def),,RimStarWars/SWBestiary;RimUtinni/Doctrine,,donor-flipbook,donor,swanimals/Aiwha/Aiwha_Flying_,4,MISSING,donor bundle (cartoon),,none-in-ledger,0,,0,,,,,,
Brezak,Brezak,donor,flies (donor def),,RimStarWars/SWBestiary;RimUtinni/Doctrine;RimUtinni/UtinniPatches,,donor-flipbook,donor,swanimals/Brezak/Brezak_Flying_,4,MISSING,donor bundle (cartoon),,none-in-ledger,0,,0,,,,,,
Drexl,Drexl,donor,flies (donor def),,RimStarWars/SWBestiary;RimUtinni/Doctrine;RimUtinni/UtinniPatches,,donor-flipbook,donor,swanimals/Drexl/Drexl_Flying_,4,MISSING,donor bundle (cartoon),,none-in-ledger,0,,0,,,,,,
Thranta,Thranta,donor,flies (donor def),,RimStarWars/SWBestiary;RimUtinni/Doctrine;RimUtinni/UtinniPatches,,donor-flipbook,donor,swanimals/Thranta/Thranta_Flying_,4,MISSING,donor bundle (cartoon),,none-in-ledger,0,,0,,,,,,
Tibidee,Tibidee,donor,flies (donor def),,RimStarWars/SWBestiary;RimUtinni/Doctrine;RimUtinni/UtinniPatches,RM_TheForge,donor-flipbook,donor,swanimals/Tibidee/Tibidee_Flying_,4,MISSING,donor bundle (cartoon),tibidee,none-in-ledger,0,,0,,,,,,
RM_Krizzak,krizzak,ours,flies,,RimMandrake/Abyss,RM_Abyss,MaxFlightTime+desc-winged,10,RM_Abyss/Things/Pawn/Animal/RM_Krizzak/RM_Krizzak_Flying_,5,ours,generated/ours,,3 files in Abyss,0,,0,,,Bird,"A soft, dark moth-thing the size of a hand, wings the deep plum of a bruise and a pale glassy mouth like a la",,src/RimMandrake/Abyss/Defs/ThingDefs_Races/RM_Krizzak.xml
RM_Vrisk,vrisk,ours,flies,,RimMandrake/BlueDesert,RM_BlueDesert,MaxFlightTime+desc-strong,10,,,none,no flip-book,,3 files in BlueDesert,3,"2026-10-05 keep (blue_desert_sheet_2026-10-04.decisions.j): Good, but please make the head less recognizable and more alien. Perha",0,,,Bird,"Kite-thin and near-flat in flight, it rides the Haze's own drift and skims what precipitates ",,src/RimMandrake/BlueDesert/Defs/ThingDefs_Races/RM_BlueDesertFauna.xml
RM_Suush,suush,ours,flies,,RimMandrake/Cauldron,RM_Cauldron,MaxFlightTime,600,,,none,no flip-book,,3 files in Cauldron,0,,0,,,Bird,,,src/RimMandrake/Cauldron/Defs/ThingDefs_Races/RM_CauldronFauna.xml
RM_Blisterfloat,blisterfloat,ours,flies,,RimMandrake/Contagion,RM_Contagion,MaxFlightTime,15,,,none,no flip-book,,3 files in Contagion,0,,0,,,Bird,,,src/RimMandrake/Contagion/Defs/ThingDefs_Races/RM_ContagionFauna.xml
RM_Gorekite,gorekite,ours,flies,,RimMandrake/Contagion,RM_Contagion,MaxFlightTime,20,,,none,no flip-book,,3 files in Contagion,0,,0,,,Bird,,,src/RimMandrake/Contagion/Defs/ThingDefs_Races/RM_ContagionFauna.xml
RM_Skinflap,skinflap,ours,flies,,RimMandrake/Contagion,RM_Contagion,MaxFlightTime+desc-strong,12,,,none,no flip-book,,3 files in Contagion,0,2026-09-29 keep (2026-09-29_contagion_cast_art_review__sh): This one will be fun to try and animate.,0,,,Bird,"A sheet of loose wet skin that flies: no body to speak of, just the flap, slapping itself throug",,src/RimMandrake/Contagion/Defs/ThingDefs_Races/RM_ContagionFauna.xml
RM_Sparkleech,sparkleech,ours,flies,,RimMandrake/Contagion,RM_Contagion,MaxFlightTime+desc-winged,10,,,none,no flip-book,,3 files in Contagion,3,2026-10-06 keep (contagion_sheet_2026-10-04.decisions.jso): why is that showing blue?,0,,,Bird,A wet-winged flap of tissue with a socket-mouth that clamps onto an ocul,,src/RimMandrake/Contagion/Defs/ThingDefs_Races/RM_ContagionFauna.xml
RM_Chellow,chellow,ours,flies,,RimMandrake/FeverWood,RM_FeverWood,MaxFlightTime,8,,,none,no flip-book,,3 files in FeverWood,0,"2026-10-08 keep (feverwood_sheet_2026-10-05.decisions.jso): Add the East facing, and do not use a beak. More like a lipless whistl",0,,,Bird,,,src/RimMandrake/FeverWood/Defs/ThingDefs_Races/RM_FeverWoodBirds.xml
RM_Murrelith,murrelith,ours,flies,,RimMandrake/FeverWood,RM_FeverWood,MaxFlightTime,10,,,none,no flip-book,,3 files in FeverWood,3,2026-10-08 redo (feverwood_sheet_2026-10-05.decisions.jso): Very close. Please regenerate but make those streamers beautifully tra,0,,,Bird,,,src/RimMandrake/FeverWood/Defs/ThingDefs_Races/RM_FeverWoodBirds.xml
RM_Skellick,skellick,ours,flies,,RimMandrake/FeverWood,RM_FeverWood,MaxFlightTime,9,,,none,no flip-book,,3 files in FeverWood,3,2026-10-08 keep (feverwood_sheet_2026-10-05.decisions.jso): This creature is a thief.,0,,,Bird,,,src/RimMandrake/FeverWood/Defs/ThingDefs_Races/RM_FeverWoodBirds.xml
RM_Dwommo,dwommo,ours,flies,,RimMandrake/GelatinousSlime,RM_GelatinousSlime,MaxFlightTime,60,,,none,no flip-book,,3 files in GelatinousSlime,3,2026-10-06 keep (gelatinousslime_sheet_2026-10-05.decisio): floater,0,,,Bird,,,src/RimMandrake/GelatinousSlime/Defs/ThingDefs_Races/Dwommo.xml
RM_Krannock,krannock,ours,flies,,RimMandrake/Greentide,RM_Greentide,MaxFlightTime+desc-strong,9,,,none,no flip-book,,3 files in Greentide,0,,0,,,BeetleLikeWithClaw,"A slab-plated flying beetle the size of a dog, grey-green chitin dulled under a ",,src/RimMandrake/Greentide/Defs/ThingDefs_Races/RM_Krannock.xml
RM_Skerrel,skerrel,ours,flies,,RimMandrake/Greentide,,MaxFlightTime,6,,,none,no flip-book,,3 files in Pyrelands,0,,0,,,BeetleLike,,,src/RimMandrake/Greentide/Defs/ThingDefs_Races/RM_Skerrel_Race.xml
RM_Yammeth,yammeth,ours,flies,,RimMandrake/Greentide,RM_Greentide,MaxFlightTime+desc-strong,10,,,none,no flip-book,,3 files in Greentide,0,,0,,,Bird,"A light, wiry canopy flier with two pairs of broad membranes in hot magenta and acid y",,src/RimMandrake/Greentide/Defs/ThingDefs_Races/RM_Yammeth.xml
RM_BloodropMoth,drinker,ours,should-fly,"desc: 'a pale, near-silent flier'; no MaxFlightTime",RimMandrake/LanternDeeps,RM_LanternDeeps,desc-strong,,,,none,no flip-book,,4 files in LanternDeeps,0,"2026-09-19 redo (2026-09-18_deeps_flora_fauna_review_2026): give it sacks that it uses to store drained body fluids. Strangely, if",0,,,RM_MothLike,"A pale, near-silent flier that drains blood into swollen storage sacs beneath its car",,src/RimMandrake/LanternDeeps/Defs/Fauna/RM_LanternDeeps_Fauna_ThingDefs_Races.xml
RM_Dustflutter,dustflutter,ours,flies,,RimMandrake/LeaningScrub,RM_LeaningScrub,MaxFlightTime+desc-strong,6,,,none,no flip-book,,3 files in LeaningScrub,3,2026-10-06 keep (leaningscrub_sheet_2026-10-05.decisions.): Make this 0.3 cells wide and in great numbers,0,,,BeetleLike,"our head, and down again forty paces on. They cannot really fly. They can only be somewhere else.",,src/RimMandrake/LeaningScrub/Defs/ThingDefs_Races/RM_LeaningScrubFauna.xml
RM_Zellik,zellik,ours,flies,,RimMandrake/LeaningScrub,RM_LeaningScrub,MaxFlightTime,10,,,none,no flip-book,,3 files in LeaningScrub,3,2026-10-08 keep (leaningscrub_sheet_2026-10-05.decisions.): Make this more alien,0,,,Bird,,,src/RimMandrake/LeaningScrub/Defs/ThingDefs_Races/RM_LeaningScrubFauna.xml
RM_Pirrik,pirrik,ours,flies,,RimMandrake/LongShade,RM_LongShade,MaxFlightTime+desc-strong,30,,,none,no flip-book,,3 files in LongShade,0,2026-09-28 redo (2026-09-27_desert_fillout_art_review__de): Too boring. This just looks like a bird. More alien please.,0,,,Bird,A palm-sized flier with plumage that throws back what little light reaches the,,src/RimMandrake/LongShade/Defs/ThingDefs_Races/RM_LongShade_Fillers.xml
RM_Skiralim,ski'ra'lim,ours,flies,,RimMandrake/LongShade,RM_LongShade,MaxFlightTime+desc-strong,20,,,none,no flip-book,,3 files in LongShade,3,2026-10-08 keep (desert_sheet_2026-10-04.decisions.json): write new descriptionm based on image,0,,,Bird,"e rim below: one strike with its dark hooked talons, then a glide back into the shadow.",,src/RimMandrake/LongShade/Defs/ThingDefs_Races/RM_LongShade_Fills.xml
RM_FeverSwarm,fever swarm,ours,flies,,RimMandrake/Miasma,RM_Miasma;RUT_Miasma,MaxFlightTime+desc-winged,10,,,none,no flip-book,,3 files in Miasma,3,2026-10-08 keep (miasma_sheet_2026-10-05.decisions.json): ,0,,,BeetleLike,"Individually a fingernail-length, wet-winged thing, gold-dusted and easy to miss. The fever swarm is nev",,src/RimMandrake/Miasma/Defs/ThingDefs_Races/RM_Miasma_FeverSwarmKarrobel.xml
RM_FireHawk,fire-hawk,ours,flies,,RimMandrake/Pyrelands,RM_Pyrelands,MaxFlightTime+desc-winged,30,Things/Pawn/Animal/Pyrelands/FireHawk/FireHawk_Flying_,5,ours,generated/ours,,3 files in Pyrelands,3,2026-10-06 keep (pyrelands_sheet_2026-10-05.decisions.jso): I can't believe we still don't have the Fire-hawk art down. It needs a,0,,,Bird,ext when the burn stalls. The Pyrelands' first igniter with wings.,,src/RimMandrake/Pyrelands/Defs/ThingDefs_Races/RM_PyrelandsFauna.xml
RM_FireWasp,fire wasp,ours,flies,,RimMandrake/Pyrelands,RM_Pyrelands,MaxFlightTime,10,Things/Pawn/Animal/Pyrelands/FireWasp/FireWasp_Fly_,8,ours,generated/ours,,3 files in Pyrelands,0,2026-09-16 redo (2026-09-15_pyrelands_art_review__pyrelan): North is faing wrong,0,,,BeetleLike,,,src/RimMandrake/Pyrelands/Defs/ThingDefs_Races/RM_PyrelandsPortedFauna.xml
RM_Skivvik,skivvik,ours,flies,,RimMandrake/ShipVermin,,MaxFlightTime+desc-winged,30,,,none,no flip-book,,none-in-ledger,0,,0,,,Bird,"t, rubbery hull-leech with a sucker-ring mouth and two thin wing-flaps that it uses more for steering than for flight. Skivv",,src/RimMandrake/ShipVermin/Defs/ThingDefs_Races/RM_ShipVermin_Cast.xml
RM_Soorrak,soorrak,ours,flies,,RimMandrake/Stillsand,RM_Stillsand,MaxFlightTime+desc-winged,30,,,none,no flip-book,,3 files in Stillsand,3,"2026-10-06 keep (deep_desert_sheet_2026-10-04.decisions.j): I like this image, but it needs regeneration to the right size. Flyer.",0,,,Bird,A sail-winged giant that nests in the deep dune precisely because nothing,,src/RimMandrake/Stillsand/Defs/ThingDefs_Races/RM_Stillsand_Fillout.xml
RM_FleetFlier,fleet flier,ours,flies,,RimMandrake/TheForge,RM_TheForge,MaxFlightTime+desc-strong,15,,,none,no flip-book,,3 files in TheForge,0,,0,,,Bird,ore the heat catches up with it. It never lingers - a fleet flier on the open ground is a fleet flier running out of time.,,src/RimMandrake/TheForge/Defs/ThingDefs_Races/RM_FleetFlier.xml
RM_Jossur,jossur,ours,flies,,RimMandrake/TheForge,RM_TheForge,MaxFlightTime+desc-strong,20,,,none,no flip-book,,3 files in TheForge,0,,0,,,Bird," of it put together, hanging in the shimmer where the fleet fliers race and the young fumeriders drift -- and then it stops ha",,src/RimMandrake/TheForge/Defs/ThingDefs_Races/RM_TheForgeNatives.xml
RM_Illoth,illoth,ours,flies,,RimMandrake/TheRot,RM_TheRot,MaxFlightTime+desc-winged,25,,,none,no flip-book,,4 files in TheRot,0,,0,,,RM_RotMothLike,"A flat, kite-bodied skimmer built on the vrisk, its wing membranes fungal gills dusted with spore powder. A living f",,src/RimMandrake/TheRot/Defs/Fauna/RM_TheRot_Fauna_ThingDefs_Races.xml
RM_Thozzik,thozzik,ours,flies,,RimMandrake/TheRot,RM_TheRot,MaxFlightTime,30,,,none,no flip-book,,4 files in TheRot,0,,0,,,RM_BeetleLikeWithStinger,,,src/RimMandrake/TheRot/Defs/Fauna/RM_TheRot_Fauna_ThingDefs_Races.xml
RM_ThozzikColony,thozzik,ours,flies,,RimMandrake/TheRot,RM_TheRot,MaxFlightTime,30,,,none,no flip-book,,4 files in TheRot,0,,0,,,RM_BeetleLikeWithStinger,,,src/RimMandrake/TheRot/Defs/Fauna/RM_TheRot_Fauna_ThingDefs_Races.xml
RM_ThozzikColonyQueen,thozzik queen,ours,flies,,RimMandrake/TheRot,RM_TheRot,MaxFlightTime,100,,,none,no flip-book,,4 files in TheRot,0,,0,,,RM_BeetleLikeWithStinger,,,src/RimMandrake/TheRot/Defs/Fauna/RM_TheRot_Fauna_ThingDefs_Races.xml
RM_ThozzikQueen,thozzik queen,ours,flies,,RimMandrake/TheRot,RM_TheRot,MaxFlightTime+desc-winged,100,,,none,no flip-book,,4 files in TheRot,0,,0,,,RM_BeetleLikeWithStinger,hing living in its way. Her bulk demands long rests between flights.,,src/RimMandrake/TheRot/Defs/Fauna/RM_TheRot_Fauna_ThingDefs_Races.xml
RM_ThozzikSpawned,thozzik,ours,flies,,RimMandrake/TheRot,RM_TheRot,MaxFlightTime,30,,,none,no flip-book,,4 files in TheRot,0,,0,,,RM_BeetleLikeWithStinger,,,src/RimMandrake/TheRot/Defs/Fauna/RM_TheRot_Fauna_ThingDefs_Races.xml
RM_Skellarn,skellarn,ours,flies,,RimMandrake/TheSump,RM_TheSump,MaxFlightTime+desc-strong,10,,,none,no flip-book,,3 files in TheSump,0,,0,,,Bird,"A crane-sized twilight flier, soot-dark with a horizon-amber throat, that folds out of t",,src/RimMandrake/TheSump/Defs/ThingDefs_Races/RM_SumpFauna.xml
RM_Grimewing,grimewing,ours,flies,,RimMandrake/Wasteland,RM_Wasteland,MaxFlightTime+desc-winged,12,,,none,no flip-book,,3 files in Wasteland,0,2026-09-29 redo (2026-09-28_bedazzle_art_sheets_2026-09-2): Darken it and make its skin more pink. Make its knees bent forward lik,0,,,Bird,"hers over bare warty grey skin, a salt-stained hooked beak, wing gaps where feathers never grew back. Fresh exhumation after",,src/RimMandrake/Wasteland/Defs/ThingDefs_Races/RM_Grimewing.xml
RM_Sivvern,sivvern,ours,flies,,RimMandrake/Webwork,RM_Webwork,MaxFlightTime+desc-strong,8,,,none,no flip-book,,3 files in Webwork,3,2026-10-07 keep (webwork_sheet_2026-10-05.decisions.json): 2026-10-07 keep           trust=ruled             webwork_sheet_2026-10-05.decisions.json ,0,,,Bird,"A slender dusk-flier on taut grey membranes, silent as everything here, tracing ",,src/RimMandrake/Webwork/Defs/ThingDefs_Races/RM_WebworkFauna.xml
RM_Kirruk,kirruk,ours,flies,,RimMandrake/WeepingStones,RM_WeepingStones,MaxFlightTime+desc-strong,25,Things/Pawn/Animal/Chicken/Chicken_Flying_,8,MISSING,vanilla Core frames (borrowed),,none-in-ledger,0,,0,,,Bird,"A hawk-sized soarer that rides the wind forced up the tall stone, long stiff wi",,src/RimMandrake/WeepingStones/Defs/ThingDefs_Races/RM_WeepingStonesNatives.xml
RM_Mirrik,mirrik,ours,flies,,RimMandrake/WeepingStones,RM_WeepingStones,MaxFlightTime+desc-winged,8,,,none,no flip-book,,none-in-ledger,0,,0,,,BeetleLike,"Thumb-sized insects with water-combing mesh wings that mist-dance over the pools at dusk — from any distance,",,src/RimMandrake/WeepingStones/Defs/ThingDefs_Races/RM_WeepingStonesNatives.xml
RSW_Baseopsis,Baseopsis,ours,maybe,"giant earwig, 'wings fold like paper' -- earwigs rarely fly; owner call",RimStarWars/SWBestiary,,desc-winged,,,,none,no flip-book,,3 files in SWBestiary,0,,0,,,BeetleLikeWithClaw,"kes them more hardy and a dangerous foe to deal with. Their wings fold like paper, and shine in the light.",,src/RimStarWars/SWBestiary/Defs/ThingDefs_Races/RSW_Absorbed_Baseopsis.xml
RSW_Beldon,beldon,ours,flies,,RimStarWars/SWBestiary,RM_Greentide;RM_TheForge,MaxFlightTime+canon-strong,120,swanimals/Beldon/Beldon_Flying_,3,ours,donor-copy (cartoon),beldon,7 files in SWBestiary,6,2026-10-08 redo (greentide_sheet_2026-10-05.decisions.jso): This is a tricky one. Please regenerate the Canon creature based on th,0,,,RSW_Beldon,,"by velkers, and their remains often served as food for crab gliders.""  Legends origin (*Galaxy Guide 2: Yavin and Bespin*, 1989",src/RimStarWars/SWBestiary/Defs/ThingDefs_Races/RSW_Beldon.xml
RSW_BloodletterPetrel,bloodletter petrel,ours,flies,,RimStarWars/SWBestiary,RM_Wasteland;RUT_Wasteland,MaxFlightTime,25,swanimals/BiomesTeam/BMT_PollutedLands/Things/Animal/BloodletterPetrel/BloodletterPetrel_Flying_,1,ours,generated/ours,,4 files in SWBestiary,0,,0,,,Bird,,,src/RimStarWars/SWBestiary/Defs/BiomesTeamPort/ThingDefs_Races/RSW_BiomesTeamPort_Races.xml
RSW_Bogwing,bogwing,ours,flies,,RimStarWars/SWBestiary,RM_Miasma,MaxFlightTime+desc-strong+canon-strong,30,swanimals/Bogwing/Bogwing_Flying_,4,ours,donor-copy (cartoon),bogwing,4 files in SWBestiary,3,2026-10-08 redo (miasma_sheet_2026-10-05.decisions.json): 2026-10-08 keep           trust=ruled             miasma_sheet_2026-10-05.decisions.json  ,0,,,RSW_Bogwing,The bogwing is a fast flying reptavian native to Dagobah. They could be found on a numbe,starwars.fandom.com/wiki/Bogwing/Legends  The bogwing was a flying reptavian native to Dagobah. It was very territorial and us,src/RimStarWars/SWBestiary/Defs/ThingDefs_Races/RSW_Bogwing.xml
RSW_CanCell,can-cell,ours,flies,,RimStarWars/SWBestiary,RM_FloodedCanyon,MaxFlightTime+desc-strong+canon-strong,60,swanimals/CanCell/CanCell_Flying_,4,ours,donor-copy (cartoon),cancell,4 files in SWBestiary,0,2026-09-20 replace-donor (2026-09-20_port_swac_2026-09-20.decision): Owner blanket ruling 2026-09-20: replace applied to every row.,0,,,RSW_CanCell,Can-cells were a species of scavenging flying insectoids found on a number of planets across the galaxy (,der `CanCell`)  ## Sourced text (Wookieepedia) A species of flying insect found on many planets across the galaxy — Kashyyyk (,src/RimStarWars/SWBestiary/Defs/ThingDefs_Races/RSW_CanCell.xml
RSW_ColonyPustuleHornet,pustule hornet,ours,flies,,RimStarWars/SWBestiary,RUT_TheRot,MaxFlightTime,30,swanimals/BiomesTeam/BMT_PollutedLands/Things/Animal/PustuleHornet/PustuleHornet_Flying_,1,ours,generated/ours,,4 files in SWBestiary,0,,0,,,RSW_BeetleLikeWithStinger,,,src/RimStarWars/SWBestiary/Defs/BiomesTeamPort/ThingDefs_Races/RSW_BiomesTeamPort_Races.xml
RSW_ColonyPustuleHornetQueen,pustule queen,ours,flies,,RimStarWars/SWBestiary,RUT_TheRot,MaxFlightTime,100,swanimals/BiomesTeam/BMT_PollutedLands/Things/Animal/PustuleHornetQueen/PustuleHornetQueen_Flying_,1,ours,generated/ours,,4 files in SWBestiary,0,,0,,,RSW_BeetleLikeWithStinger,,,src/RimStarWars/SWBestiary/Defs/BiomesTeamPort/ThingDefs_Races/RSW_BiomesTeamPort_Races.xml
RSW_Convor,convor,ours,flies,,RimStarWars/SWBestiary,RM_FeverWood;RM_FloodedCanyon;RM_Greentide;RM_LeaningScrub,MaxFlightTime+desc-strong+canon-strong,30,swanimals/Convor/Convor_Flying_,4,ours,donor-copy (cartoon),convor,7 files in SWBestiary,3,"2026-10-08 redo (leaningscrub_sheet_2026-10-05.decisions.): D is close, but please make it less cute now",0,,,RSW_FlyingAvian,"lthough Convor had short, plump bodies, they were excellent fliers. Their popularity as a pet meant they often established col",described as short and plump-bodied despite being excellent fliers. Eyes are black. Convorees closely resemble Kiros birds fro,src/RimStarWars/SWBestiary/Defs/ThingDefs_Races/RSW_Convor.xml
RSW_Dactillion,dactillion,ours,flies,,RimStarWars/SWBestiary,RM_WeepingStones,MaxFlightTime+desc-winged+canon-strong,60,swanimals/Dactillion/Dactillion_Flying_,4,ours,generated/ours,dactillion,4 files in SWBestiary,0,2026-09-20 replace-donor (2026-09-20_port_swac_2026-09-20.decision): Owner blanket ruling 2026-09-20: replace applied to every row.,0,,,RSW_Bogwing,"llions shared both avian and lizard traits, with long, thin wings and thick, scaled hides. A dactillion's pair of wings allow","e sinkholes, using its wings to catch thermal   updrafts to fly up toward the surface, and its claws to scale the sinkhole ",src/RimStarWars/SWBestiary/Defs/ThingDefs_Races/RSW_Dactillion.xml
RSW_FacetMoth,facet moth,ours,should-fly,desc: moth that 'flits about in dark caverns'; no MaxFlightTime,RimStarWars/SWBestiary,,desc-winged,,,,none,no flip-book,,4 files in SWBestiary,0,2026-09-19 reject (2026-09-18_deeps_flora_fauna_review_2026): Please propose more truly alien hydrocarbon-based life forms that are ,0,,,RSW_MothLike,A large moth with wings that glimmer like the facets of crystal. It flits about in ,,src/RimStarWars/SWBestiary/Defs/BiomesTeamPort/ThingDefs_Races/RSW_BiomesTeamPort_Races.xml
RSW_Hawkbat,hawk-bat,ours,flies,,RimStarWars/SWBestiary,RM_Greentide,MaxFlightTime+desc-winged+canon-strong,120,swanimals/Hawkbat/Hawkbat_Flying_,4,ours,donor-copy (cartoon),hawkbat,"7 files in HawkbatArtOverride,SWBestiary",6,2026-10-08 redo (greentide_sheet_2026-10-05.decisions.jso): Get rid of all this crappy art and follow the purple and tan canon art,0,active:regen_gt_hawkbat_flying_j_3_v1_south;active:regen_gt_hawkbat_flying_j_4_v1_south,,RSW_Hawkbat,s were predatory reptavians with a curved beak and leathery wings that could be found on urbanized worlds like Coruscant and ,"rection to this creature's brief:** the ""predatory bat-like flier that prominently appears on Lothal in *Star Wars Rebels*"" i",src/RimStarWars/SWBestiary/Defs/ThingDefs_Races/RSW_Hawkbat.xml
RSW_Mynock,mynock,ours,flies,,RimStarWars/SWBestiary,RM_Cauldron;RM_RustCathedral;RM_Warscar,MaxFlightTime+desc-winged+canon-strong,30,,,none,no flip-book,mynock,1 files in SWBestiary,0,2026-10-04 keep (2026-10-03_desert_art_review_2026-10-03.): 2026-10-06 redo           trust=ruled             warscar_sheet_2026-10-05.decisions.json ,0,,,Bird,"A leathery, wet-winged ship-leech that drifts through vacuum toward any hull with ","nocks were remotely related to grallocs and tibidees, large flying creatures native to Stygeon Prime who were also a nuisance ",src/RimStarWars/SWBestiary/Defs/ShipVermin/ThingDefs_Races/RSW_Mynock.xml
RSW_Neebray,neebray,ours,flies,,RimStarWars/SWBestiary,RM_Cauldron,MaxFlightTime+desc-strong+canon-strong,30,swanimals/Neebray/Neebray_Flying_,4,ours,donor-copy (cartoon),neebray,4 files in SWBestiary,0,2026-09-20 replace-donor (2026-09-20_port_swac_2026-09-20.decision): Owner blanket ruling 2026-09-20: replace applied to every row.,0,,,RSW_Neebray,"Neebray were flying, limbless creatures which varied greatly in size and habita","y mantas, or simply neebray, were a non-sentient species of flying creature originally from Tatooine and found throughout the ",src/RimStarWars/SWBestiary/Defs/ThingDefs_Races/RSW_Neebray.xml
RSW_PekoPeko,Peko-peko,ours,flies,,RimStarWars/SWBestiary,RM_Greentide,MaxFlightTime+canon-strong,60,swanimals/PekoPeko/PekoPeko_m_Flying_,4,ours,donor-copy (cartoon),pekopeko,"7 files in PekoPekoArtOverride,SWBestiary",6,2026-10-08 redo (greentide_sheet_2026-10-05.decisions.jso): kill all this terrible art. Follow the canon very closely. Flyer.,0,pending:regen_gt_pekopeko_flying_f_1_v1_south;pending:regen_gt_pekopeko_flying_f_2_v1_east;pending:regen_gt_pekopeko_flying_f_2_v1_north;pending:regen_gt_pekopeko_flying_f_2_v1_south;pending:regen_gt_pekopeko_flying_f_3_v1_east;pending:regen_gt_pekopeko_flying_f_3_v1_north;pending:regen_gt_pekopeko_flying_f_3_v1_south;pending:regen_gt_pekopeko_flying_f_4_v1_east;pending:regen_gt_pekopeko_flying_f_4_v1_north;pending:regen_gt_pekopeko_flying_f_4_v1_south;pending:regen_gt_pekopeko_flying_m_1_v1_east;pending:regen_gt_pekopeko_flying_m_1_v1_north;pending:regen_gt_pekopeko_flying_m_1_v1_south;pending:regen_gt_pekopeko_flying_m_2_v1_east;pending:regen_gt_pekopeko_flying_m_2_v1_north;pending:regen_gt_pekopeko_flying_m_2_v1_south;pending:regen_gt_pekopeko_flying_m_3_v1_east;pending:regen_gt_pekopeko_flying_m_3_v1_north;pending:regen_gt_pekopeko_flying_m_3_v1_south;pending:regen_gt_pekopeko_flying_m_4_v1_east;pending:regen_gt_pekopeko_flying_m_4_v1_north;pending:regen_gt_pekopeko_flying_m_4_v1_south;active:regen_gt_pekopeko_flying_f_1_v1_east;active:regen_gt_pekopeko_flying_f_1_v1_north,,RSW_FlyingAvian,,"r Wars Battlefront II* and   *Star Wars Bestiary, Vol. 1*): flying creatures of the Naboo swamps. **Blue   feathering**, a lon",src/RimStarWars/SWBestiary/Defs/ThingDefs_Races/RSW_PekoPeko.xml
RSW_Porg,porg,ours,flies,,RimStarWars/SWBestiary,RM_LeaningScrub,MaxFlightTime+canon-strong,30,swanimals/Porg/Porg_Flying_,4,ours,donor-copy (cartoon),porg,11 files in SWBestiary,9,2026-10-08 keep (leaningscrub_sheet_2026-10-05.decisions.): 2026-10-08 keep           trust=ruled             leaningscrub_sheet_2026-10-05.decisions.,0,,,Bird,,"gings, can wreak havoc if curiosity runs unchecked, able to fly short distances (Rian Johnson, quoted on the wiki), young a",src/RimStarWars/SWBestiary/Defs/ThingDefs_Races/RSW_Porg.xml
RSW_PustuleHornet,pustule hornet,ours,flies,,RimStarWars/SWBestiary,RUT_TheRot,MaxFlightTime,30,swanimals/BiomesTeam/BMT_PollutedLands/Things/Animal/PustuleHornet/PustuleHornet_Flying_,1,ours,generated/ours,,4 files in SWBestiary,0,,0,,,RSW_BeetleLikeWithStinger,,,src/RimStarWars/SWBestiary/Defs/BiomesTeamPort/ThingDefs_Races/RSW_BiomesTeamPort_Races.xml
RSW_PustuleHornetQueen,pustule queen,ours,flies,,RimStarWars/SWBestiary,RUT_TheRot,MaxFlightTime+desc-winged,100,swanimals/BiomesTeam/BMT_PollutedLands/Things/Animal/PustuleHornetQueen/PustuleHornetQueen_Flying_,1,ours,generated/ours,,4 files in SWBestiary,0,,0,,,RSW_BeetleLikeWithStinger," The sheer bulk of her body prevents especially long active flights, forcing her to slow her movement for longer periods than d",,src/RimStarWars/SWBestiary/Defs/BiomesTeamPort/ThingDefs_Races/RSW_BiomesTeamPort_Races.xml
RSW_PustuleHornetSpawned,pustule hornet,ours,flies,,RimStarWars/SWBestiary,RUT_TheRot,MaxFlightTime,30,swanimals/BiomesTeam/BMT_PollutedLands/Things/Animal/PustuleHornet/PustuleHornet_Flying_,1,ours,generated/ours,,4 files in SWBestiary,0,,0,,,RSW_BeetleLikeWithStinger,,,src/RimStarWars/SWBestiary/Defs/BiomesTeamPort/ThingDefs_Races/RSW_BiomesTeamPort_Races.xml
RSW_Sacapillar,sacapillar,ours,flies,,RimStarWars/SWBestiary,RM_Wasteland;RUT_Wasteland,MaxFlightTime,10,swanimals/BiomesTeam/BMT_PollutedLands/Things/Animal/SacaPillar/SacaPillar_Flying_,1,ours,generated/ours,,4 files in SWBestiary,0,,0,,,RSW_LarvaLike,,,src/RimStarWars/SWBestiary/Defs/BiomesTeamPort/ThingDefs_Races/RSW_BiomesTeamPort_Races.xml
RSW_ScrapNestBird,scrap-nest bird,ours,flies,,RimStarWars/SWBestiary,RM_LeaningScrub;RUT_AridShrubland,MaxFlightTime,30,swanimals/Whisperbird/Whisperbird_Flying_,4,ours,donor-copy (cartoon),,4 files in SWBestiary,3,2026-10-08 redo (leaningscrub_sheet_2026-10-05.decisions.): Redo to canon very carefully.,0,,,RSW_FlyingAvian,,,src/RimStarWars/SWBestiary/Defs/ThingDefs_Races/RSW_ScrapNestBird.xml
RSW_Screecher,screecher,ours,flies,,RimStarWars/SWBestiary,RM_Cauldron;RM_Wasteland;RUT_Cauldron;RUT_Wasteland,MaxFlightTime,35,swanimals/BiomesTeam/BMT_PollutedLands/Things/Animal/Screecher/Screecher_Flying_,1,ours,generated/ours,,4 files in SWBestiary,0,,0,,,Bird,,,src/RimStarWars/SWBestiary/Defs/BiomesTeamPort/ThingDefs_Races/RSW_BiomesTeamPort_Races.xml
RSW_Shyrack,shyrack,ours,flies,,RimStarWars/SWBestiary,RM_LongShade;RUT_Desert,MaxFlightTime+canon-strong,30,swanimals/Shyrack/Shyrack_Flying_,4,ours,donor-copy (cartoon),shyrack,4 files in SWBestiary,3,2026-10-08 keep (desert_sheet_2026-10-04.decisions.json): going to have to regenerate those flyers,0,,,RSW_Shyrack,,"only for silhouette. - **Silhouette**: a bat/pterosaur-like flier, with a heavy pot-bellied body hanging below two big   wing",src/RimStarWars/SWBestiary/Defs/ThingDefs_Races/RSW_Shyrack.xml
RSW_Sketto,sketto,ours,flies,,RimStarWars/SWBestiary,RM_LeaningScrub;RM_LongShade;RUT_Desert,MaxFlightTime+desc-strong+canon-strong,30,swanimals/Sketto/Sketto_Flying_,4,ours,donor-copy (cartoon),sketto,4 files in SWBestiary,3,"2026-10-08 keep (leaningscrub_sheet_2026-10-05.decisions.): Yes, now do North and South",0,,,RSW_Bogwing,Skettos were carnivorous flying reptiles that dwelled in the caverns of the planet Tatooine," or cave skettos, were a species of non-sentient, ferocious flying pests found on the desert planet of Tatooine. Capable of gr",src/RimStarWars/SWBestiary/Defs/ThingDefs_Races/RSW_Sketto.xml
RSW_SmogMoth,smog moth,ours,flies,,RimStarWars/SWBestiary,RUT_TheRot,MaxFlightTime+desc-winged,25,swanimals/BiomesTeam/BMT_PollutedLands/Things/Animal/SmogMoth/SmogMoth_Flying_,1,ours,generated/ours,,4 files in SWBestiary,0,,0,,,RSW_MothLike,A large moth with wings with markings that glow faintly in the dark. This creature ,,src/RimStarWars/SWBestiary/Defs/BiomesTeamPort/ThingDefs_Races/RSW_BiomesTeamPort_Races.xml
RSW_Strill,strill,ours,flies,,RimStarWars/SWBestiary,RM_LeaningScrub,MaxFlightTime+desc-strong+canon-strong,10,swanimals/Strill/Strill_Flying_,1,ours,donor-copy (cartoon),strill,4 files in SWBestiary,3,2026-10-08 keep (leaningscrub_sheet_2026-10-05.decisions.): 2026-10-08 keep           trust=ruled             leaningscrub_sheet_2026-10-05.decisions.,0,,,RSW_Strill,s of leathery skin between their legs which allowed them to glide short distances with sufficient updraft and they purportedl,"etween their six strong legs, that allowed the creatures to glide from high places and even fly short distances by flapping t",src/RimStarWars/SWBestiary/Defs/ThingDefs_Races/RSW_Strill.xml
RSW_Urusai,urusai,ours,flies,,RimStarWars/SWBestiary,RM_FeverWood;RM_LeaningScrub,MaxFlightTime+desc-winged+canon-strong,60,swanimals/Urusai/Urusai_Flying_,4,ours,donor-copy (cartoon),urusai,4 files in SWBestiary,3,2026-10-08 keep (leaningscrub_sheet_2026-10-05.decisions.): Redo to canon imagery,0,,,RSW_FlyingAvian,Urusai were winged reptavians native to the desert planet Tatooine. They were ,"le males had four&mdash;the larger rear wings were used for flying, while the smaller front ones were strictly for mating disp",src/RimStarWars/SWBestiary/Defs/ThingDefs_Races/RSW_Urusai.xml
RSW_Uvak,uvak,ours,flies,,RimStarWars/SWBestiary,RM_LongShade;RUT_Desert,MaxFlightTime+desc-winged+canon-strong,60,swanimals/Uvak/Uvak_Flying_,4,ours,donor-copy (cartoon),uvak,4 files in SWBestiary,3,2026-10-08 keep (desert_sheet_2026-10-04.decisions.json): Will need to redo flying art too,0,,,RSW_Bogwing,"Uvak were a large, membranous-winged reptavian species with sharp beaks. They were native to the", two Human-sized individuals. The uvak were also capable of flying for long distances across landmasses and oceans by tapping ,src/RimStarWars/SWBestiary/Defs/ThingDefs_Races/RSW_Uvak.xml
RSW_Whisperbird,whisperbird,ours,flies,,RimStarWars/SWBestiary,RM_FeverWood;RM_Greentide;RM_LeaningScrub;RM_Miasma,MaxFlightTime+desc-winged+canon-strong,30,swanimals/Whisperbird/Whisperbird_Flying_,4,ours,donor-copy (cartoon),whisperbird,"4 files in SWBestiary,WhisperbirdArtOverride",1,"2026-10-08 keep (leaningscrub_sheet_2026-10-05.decisions.): Good! Now north, south, and flying frames",0,,,RSW_FlyingAvian,"mage and gained their name due to their seemingly noiseless flight. They used their dexterous tongue to emit their sweet, low-","low-pitched call;   named ""whisper bird"" for its ability to fly silently, which it uses while   hunting. Roosts in massassi",src/RimStarWars/SWBestiary/Defs/ThingDefs_Races/RSW_Whisperbird.xml
RUT_EmperorVulture,emperor vulture,ours,flies,,RimUtinni/UtinniPatches,RM_FloodedCanyon;RUT_CrackedLands,MaxFlightTime,60,,,none,no flip-book,,3 files in UtinniPatches,0,,0,,,Bird,,,src/RimUtinni/UtinniPatches/Defs/ThingDefs_Races/RUT_EmperorVulture.xml
RUT_FleetFlier,fleet flier,ours,flies,,RimUtinni/UtinniPatches,RUT_TheForge,MaxFlightTime+desc-strong,15,,,none,no flip-book,,3 files in UtinniPatches,0,,0,,,Bird,ore the heat catches up with it. It never lingers - a fleet flier on the open ground is a fleet flier running out of time.,,src/RimUtinni/UtinniPatches/Defs/ThingDefs_Races/RUT_FleetFlier.xml
