river_id,tile,lat,lon,arc,elev_m,biome,water,river_flow,region,degree,dist_from_mouth,is_mouth,is_endpoint,is_branch
R01,256,-23.9221,-35.7468,42.11,267.0,BiomeCypreJungle,0,11206.0,Hollow Verge,2,16,False,False,False
R01,259,-22.6644,-50.4835,54.04,1202.0,AB_OcularForest,0,20.0,Dew Horn,1,28,False,True,False
R01,635,-19.9032,-28.3887,34.19,889.0,BiomeCypreJungle,0,58.0,Dune Sea,2,11,False,False,False
R01,776,-15.2031,-48.814,50.55,727.0,BiomeCypreJungle,0,24.0,Scald Spine,2,30,False,False,False
R01,781,-19.645,-42.4767,46.0,616.0,BiomeCypreJungle,0,36.0,Scald Spine,2,25,False,False,False
R01,1175,-23.7932,-26.1702,34.79,26.0,BiomeCypreJungle,0,10650.0,Dune Sea,3,8,False,False,True
R01,1321,-15.9276,-39.5513,42.14,1143.0,AB_OcularForest,0,4430.0,Scald Spine,2,29,False,False,False
R01,1534,-31.0258,-16.0161,34.55,1.0,ZBiome_Grasslands,0,5042.0,Dune Sea,2,2,False,False,False
R01,1535,-35.2073,-17.9694,38.99,1.0,ZBiome_Grasslands,0,2025.0,Dune Sea,2,5,False,False,False
R01,2338,-19.9846,-33.0269,38.01,1496.0,LavaField,0,32.0,Dune Sea,1,14,False,True,False
R01,2339,-23.9441,-30.9123,38.36,247.0,BiomeCypreJungle,0,49.0,Dune Sea,2,11,False,False,False
R01,2340,-19.9039,-37.727,41.95,930.0,BiomeCypreJungle,0,48.0,Scald Spine,2,20,False,False,False
R01,2341,-23.6995,-40.6395,45.99,308.0,BiomeCypreJungle,0,11014.0,Hollow Verge,3,20,False,False,True
R01,2359,-19.2062,-47.2452,50.13,396.0,BiomeCypreJungle,0,82.0,Hollow Verge,3,26,False,False,True
R01,2795,-24.9884,-23.8179,33.98,70.0,BiomeCypreJungle,0,10422.0,Dune Sea,3,6,False,False,True
R01,2796,-26.1704,-21.3728,33.3,32.0,BiomeCypreJungle,0,9681.0,Dune Sea,2,4,False,False,False
R01,3957,-25.2855,-33.4057,40.99,213.0,BiomeCypreJungle,0,11155.0,Hollow Verge,2,14,False,False,False
R01,3958,-21.2816,-35.4988,40.66,664.0,BiomeCypreJungle,0,64.0,Scald Spine,2,18,False,False,False
R01,3960,-22.5216,-38.0366,43.32,395.0,BiomeCypreJungle,0,11083.0,Scald Spine,3,18,False,False,True
R01,6213,-28.4378,-16.2693,32.42,1.0,ZBiome_Grasslands,0,6932.0,Dune Sea,2,0,True,False,False
R01,6230,-18.5277,-25.9836,31.53,879.0,BiomeCypreJungle,0,48.0,Dune Sea,1,11,False,True,False
R01,6231,-21.1522,-26.1005,33.12,254.0,BiomeCypreJungle,0,71.0,Dune Sea,2,9,False,False,False
R01,6234,-21.2847,-30.7802,36.82,679.0,BiomeCypreJungle,0,66.0,Dune Sea,2,12,False,False,False
R01,6235,-22.5563,-28.4928,35.74,236.0,BiomeCypreJungle,0,69.0,Dune Sea,2,10,False,False,False
R01,6236,-25.2234,-28.5565,37.38,273.0,BiomeCypreJungle,0,10565.0,Dune Sea,2,10,False,False,False
R01,6239,-26.6127,-31.0171,39.98,301.0,BiomeCypreJungle,0,10959.0,Dune Sea,2,12,False,False,False
R01,7077,-12.6947,-48.3642,49.6,1167.0,AB_OcularForest,0,18.0,Scald Spine,1,32,False,True,False
R01,7079,-13.6873,-50.873,52.18,749.0,BiomeCypreJungle,0,21.0,Scald Spine,2,31,False,False,False
R01,7080,-17.6801,-49.3495,51.63,488.0,BiomeCypreJungle,0,58.0,Dew Belt,3,28,False,False,True
R01,7081,-16.6977,-46.7384,48.97,770.0,BiomeCypreJungle,0,21.0,Scald Spine,1,28,False,True,False
R01,7101,-17.3007,-37.4117,40.68,2001.0,AB_OcularForest,0,32.0,Scald Spine,1,31,False,True,False
R01,7105,-18.6554,-35.2356,39.3,1875.0,Volcano,0,38.0,Dune Sea,2,20,False,False,False
R01,7106,-18.1789,-44.6277,47.46,730.0,BiomeCypreJungle,0,23.0,Scald Spine,1,26,False,True,False
R01,7107,-17.0864,-42.0599,44.79,1177.0,AB_OcularForest,0,10925.0,Scald Spine,2,27,False,False,False
R01,7108,-18.5041,-39.9142,43.34,1307.0,AB_OcularForest,0,27.0,Scald Spine,1,24,False,True,False
R01,7111,-20.7213,-45.0931,48.68,349.0,BiomeCypreJungle,0,11008.0,Hollow Verge,4,24,False,False,True
R01,8816,-25.2641,-35.0424,42.23,239.0,BiomeCypreJungle,0,11201.0,Hollow Verge,2,15,False,False,False
R01,8818,-22.5797,-36.4274,42.02,313.0,BiomeCypreJungle,0,11193.0,Scald Spine,4,17,False,False,True
R01,8834,-21.5229,-49.3853,52.73,1005.0,AB_MiasmicMangrove,0,45.0,Dew Horn,2,27,False,False,False
R01,11090,-18.5699,-27.5373,32.8,1176.0,AB_PyroclasticConflagration,0,55.0,Dune Sea,1,11,False,True,False
R01,11091,-19.8617,-26.8288,32.94,607.0,BiomeCypreJungle,0,70.0,Dune Sea,2,10,False,False,False
R01,11092,-18.6069,-29.082,34.08,1695.0,AB_PyroclasticConflagration,0,36.0,Dune Sea,1,12,False,True,False
R01,11093,-19.9428,-29.9329,35.45,1080.0,BiomeCypreJungle,0,57.0,Dune Sea,1,12,False,True,False
R01,11094,-21.2489,-29.2252,35.57,544.0,BiomeCypreJungle,0,69.0,Dune Sea,2,11,False,False,False
R01,11095,-21.2047,-27.665,34.34,399.0,BiomeCypreJungle,0,66.0,Dune Sea,2,10,False,False,False
R01,11096,-26.5834,-29.3849,38.81,278.0,BiomeCypreJungle,0,10782.0,Dune Sea,2,11,False,False,False
R01,11936,-14.0312,-47.8153,49.35,1080.0,BiomeCypreJungle,0,23.0,Scald Spine,1,31,False,True,False
R01,11937,-13.8672,-49.3457,50.76,829.0,BiomeCypreJungle,0,21.0,Scald Spine,2,31,False,False,False
R01,11938,-16.3486,-49.8536,51.78,523.0,BiomeCypreJungle,0,46.0,Scald Spine,3,29,False,False,True
R01,11939,-15.0175,-50.3613,51.96,616.0,BiomeCypreJungle,0,33.0,Scald Spine,3,30,False,False,True
R01,11940,-16.533,-48.2955,50.37,661.0,BiomeCypreJungle,0,23.0,Scald Spine,2,29,False,False,False
R01,11941,-15.3657,-47.2735,49.14,861.0,BiomeCypreJungle,0,25.0,Scald Spine,1,30,False,True,False
R01,11961,-17.3369,-35.8686,39.33,2021.0,Volcano,0,30.0,Dune Sea,1,22,False,True,False
R01,11965,-17.3535,-34.3343,37.98,2011.0,Volcano,0,31.0,Dune Sea,1,21,False,True,False
R01,11966,-19.5187,-44.0653,47.37,584.0,BiomeCypreJungle,0,10931.0,Scald Spine,2,25,False,False,False
R01,11967,-18.3067,-43.0545,46.07,790.0,BiomeCypreJungle,0,10931.0,Scald Spine,2,26,False,False,False
R01,11968,-18.4151,-41.483,44.7,1000.0,BiomeCypreJungle,0,34.0,Scald Spine,1,26,False,True,False
R01,11969,-19.7513,-40.8898,44.64,791.0,BiomeCypreJungle,0,38.0,Scald Spine,2,23,False,False,False
R01,11970,-20.9904,-41.8821,45.96,515.0,BiomeCypreJungle,0,36.0,Scald Spine,2,22,False,False,False
R01,11971,-20.8662,-43.4869,47.32,490.0,BiomeCypreJungle,0,33.0,Scald Spine,2,24,False,False,False
R01,14328,-19.8099,-25.2691,31.7,423.0,BiomeCypreJungle,0,54.0,Dune Sea,2,10,False,False,False
R01,14329,-21.0844,-24.5455,31.93,196.0,BiomeCypreJungle,0,51.0,Dune Sea,2,9,False,False,False
R01,14330,-22.4334,-25.3645,33.36,114.0,BiomeCypreJungle,0,109.0,Dune Sea,3,8,False,False,True
R01,14331,-23.7098,-24.6092,33.65,29.0,BiomeCypreJungle,0,102.0,Dune Sea,2,7,False,False,False
R01,14332,-22.5021,-26.9251,34.54,158.0,BiomeCypreJungle,0,63.0,Dune Sea,2,9,False,False,False
R01,14333,-23.8605,-27.7413,35.96,101.0,BiomeCypreJungle,0,10648.0,Dune Sea,4,9,False,False,True
R01,14335,-25.0836,-25.386,35.09,1.0,BiomeCypreJungle,0,10595.0,Dune Sea,2,7,False,False,False
R01,14337,-26.2736,-22.9779,34.36,55.0,BiomeCypreJungle,0,10145.0,Dune Sea,2,5,False,False,False
R01,14343,-26.069,-19.7426,32.28,20.0,BiomeCypreJungle,0,9135.0,Dune Sea,2,3,False,False,False
R01,14344,-25.9634,-18.0993,31.29,31.0,ZBiome_Grasslands,0,8502.0,Dune Sea,2,2,False,False,False
R01,14345,-27.2093,-17.1902,31.83,62.0,ZBiome_Grasslands,0,7778.0,Dune Sea,2,1,False,False,False
R01,15179,-16.8465,-45.1772,47.57,852.0,BiomeCypreJungle,0,25.0,Scald Spine,1,28,False,True,False
R01,15206,-15.8572,-41.083,43.52,1170.0,AB_OcularForest,0,10912.0,Scald Spine,2,28,False,False,False
R01,15209,-15.9773,-38.0274,40.77,1131.0,AB_OcularForest,0,82.0,Scald Spine,2,30,False,False,False
R01,16486,-29.8126,-16.969,33.91,24.0,ZBiome_Grasslands,0,5996.0,Dune Sea,2,1,False,False,False
R01,16489,-32.4124,-16.6833,36.03,1.0,ZBiome_Grasslands,0,4037.0,Dune Sea,2,3,False,False,False
R01,16490,-33.8065,-17.336,37.52,1.0,ZBiome_Grasslands,0,3030.0,Dune Sea,2,4,False,False,False
R01,16494,-36.6147,-18.5834,40.46,1.0,ZBiome_Grasslands,0,1028.0,Kiln,1,6,False,True,False
R01,17291,-12.535,-49.8772,51.02,926.0,BiomeCypreJungle,0,21.0,Scald Spine,1,32,False,True,False
R01,21307,-26.6208,-32.6608,41.18,205.0,BiomeCypreJungle,0,11106.0,Hollow Verge,2,13,False,False,False
R01,21309,-21.3035,-32.3441,38.08,827.0,BiomeCypreJungle,0,49.0,Dune Sea,2,13,False,False,False
R01,21311,-19.9722,-31.4759,36.72,1282.0,AB_PyroclasticConflagration,0,51.0,Dune Sea,1,13,False,True,False
R01,21313,-19.9774,-34.5864,39.31,1178.0,LavaField,0,53.0,Dune Sea,1,19,False,True,False
R01,21316,-22.6235,-31.6396,38.2,418.0,BiomeCypreJungle,0,52.0,Dune Sea,2,12,False,False,False
R01,21317,-22.598,-30.0625,36.96,316.0,BiomeCypreJungle,0,68.0,Dune Sea,2,11,False,False,False
R01,21318,-23.9112,-29.3217,37.15,156.0,BiomeCypreJungle,0,104.0,Dune Sea,3,10,False,False,True
R01,21320,-19.9505,-36.1534,40.63,1000.0,BiomeCypreJungle,0,56.0,Scald Spine,2,19,False,False,False
R01,21321,-21.2396,-37.0868,41.97,598.0,BiomeCypreJungle,0,64.0,Scald Spine,2,18,False,False,False
R01,21322,-18.5737,-38.3492,41.98,1426.0,AB_OcularForest,0,26.0,Scald Spine,1,21,False,True,False
R01,21323,-18.624,-36.7893,40.63,1650.0,AB_OcularForest,0,35.0,Scald Spine,2,21,False,False,False
R01,21324,-19.8375,-39.3062,43.29,910.0,BiomeCypreJungle,0,36.0,Scald Spine,2,20,False,False,False
R01,21325,-21.177,-38.6807,43.29,571.0,BiomeCypreJungle,0,82.0,Scald Spine,3,19,False,False,True
R01,21327,-23.7954,-39.0035,44.68,464.0,BiomeCypreJungle,0,11009.0,Hollow Verge,2,19,False,False,False
R01,21330,-22.3423,-41.27,45.96,394.0,BiomeCypreJungle,0,41.0,Hollow Verge,2,21,False,False,False
R01,21331,-23.5815,-42.2787,47.31,325.0,BiomeCypreJungle,0,10984.0,Hollow Verge,2,21,False,False,False
R01,21406,-23.4414,-43.92,48.63,325.0,BiomeCypreJungle,0,11026.0,Hollow Verge,2,22,False,False,False
R01,21408,-22.0779,-44.5151,48.64,328.0,BiomeCypreJungle,0,11029.0,Hollow Verge,3,23,False,False,True
R01,21434,-20.5559,-46.6998,50.05,389.0,BiomeCypreJungle,0,95.0,Hollow Verge,3,25,False,False,True
R01,21435,-20.3702,-48.3061,51.42,864.0,BiomeCypreJungle,0,70.0,Dew Horn,2,26,False,False,False
R01,21436,-19.0204,-48.8346,51.52,479.0,BiomeCypreJungle,0,54.0,Dew Horn,2,27,False,False,False
R01,21438,-18.0318,-46.2018,48.84,564.0,BiomeCypreJungle,0,39.0,Scald Spine,3,27,False,False,True
R01,21439,-19.3724,-45.6551,48.75,534.0,BiomeCypreJungle,0,19.0,Scald Spine,2,25,False,False,False
R02,85,11.9905,-41.2835,42.69,857.0,BiomeCypreJungle,0,3830.0,Scald Spine,2,11,False,False,False
R02,354,27.4125,-43.7231,50.09,12.0,AB_MiasmicMangrove,0,4847.0,Fever Wood,2,17,False,False,False
R02,891,31.0255,-47.0109,54.25,13.0,AB_MiasmicMangrove,0,24717.0,Fever Wood,2,18,False,False,False
R02,1310,7.9015,-43.2536,43.83,-350.0,RUT_TheScald,1,0.0,Scald,1,0,True,True,False
R02,1313,15.6498,-44.1726,46.32,146.0,BiomeCypreJungle,0,3837.0,Dew Belt,2,8,False,False,False
R02,1669,-7.3196,-51.9095,52.27,886.0,BiomeCypreJungle,0,19.0,Scald Spine,1,32,False,True,False
R02,1850,23.6995,-40.6395,45.99,6.0,AB_MiasmicMangrove,0,6537.0,Fever Wood,2,20,False,False,False
R02,1854,19.9039,-37.727,41.95,2.0,AB_MiasmicMangrove,0,7127.0,Fever Wood,2,23,False,False,False
R02,2484,1.0282,-56.8669,56.87,432.0,BiomeCypreJungle,0,195.0,Dew Belt,2,25,False,False,False
R02,2485,0.0,-60.0321,60.03,647.0,AridShrubland,0,120.0,Dew Horn,2,28,False,False,False
R02,2931,10.7125,-39.001,40.22,-350.0,RUT_TheScald,1,0.0,Scald,1,13,False,True,False
R02,2932,10.5287,-43.4591,44.47,875.0,BiomeCypreJungle,0,2793.0,Scald Spine,2,2,False,False,False
R02,2933,13.1125,-43.7643,45.3,397.0,BiomeCypreJungle,0,27.0,Scald Spine,1,9,False,True,False
R02,3288,-9.7625,-52.3521,52.99,797.0,BiomeCypreJungle,0,25.0,Scald Spine,2,33,False,False,False
R02,3290,8.2651,-54.2477,54.68,204.0,BiomeCypreJungle,0,19786.0,Dew Belt,2,18,False,False,False
R02,3294,12.1896,-52.8573,53.83,1.0,BiomeCypreJungle,0,19669.0,Dew Belt,2,15,False,False,False
R02,3450,29.8509,-60.4921,64.71,-350.0,RUT_TwilightSea,1,0.0,Twilight Sea,1,27,False,True,False
R02,3451,31.6904,-58.2819,63.43,1.0,AB_MiasmicMangrove,0,19938.0,Dew Horn,2,25,False,False,False
R02,3468,21.729,-47.763,51.36,1.0,AB_MiasmicMangrove,0,24914.0,Fever Wood,2,11,False,False,False
R02,4357,-2.0308,-63.1103,63.13,1169.0,AridShrubland,0,45.0,Dew Horn,2,31,False,False,False
R02,4365,-2.244,-55.1906,55.22,530.0,BiomeCypreJungle,0,50.0,Scald Spine,2,27,False,False,False
R02,4366,-5.8858,-53.7732,53.99,669.0,BiomeCypreJungle,0,52.0,Scald Spine,2,30,False,False,False
R02,4377,2.244,-55.1906,55.22,269.0,BiomeCypreJungle,0,42.0,Dew Belt,2,23,False,False,False
R02,4378,4.4794,-55.5681,55.69,292.0,BiomeCypreJungle,0,33.0,Dew Belt,2,21,False,False,False
R02,4379,5.8858,-53.7732,53.99,243.0,BiomeCypreJungle,0,19806.0,Dew Belt,2,20,False,False,False
R02,4380,2.4464,-51.2857,51.33,321.0,BiomeCypreJungle,0,19814.0,Scald Spine,2,23,False,False,False
R02,4526,32.7748,-52.9434,59.56,1.0,AB_MiasmicMangrove,0,21864.0,Dew Horn,2,22,False,False,False
R02,4546,25.8524,-46.0367,51.34,6.0,BiomeCypreJungle,0,23354.0,Dew Horn,2,14,False,False,False
R02,7052,14.1791,-46.2826,47.93,95.0,BiomeCypreJungle,0,2807.0,Dew Belt,2,5,False,False,False
R02,7055,13.6873,-50.873,52.18,1.0,BiomeCypreJungle,0,19595.0,Dew Belt,2,13,False,False,False
R02,7057,17.6801,-49.3495,51.63,1.0,BiomeCypreJungle,0,19363.0,Dew Belt,2,10,False,False,False
R02,7344,0.8895,-57.9935,58.0,477.0,ZBiome_DesertOasis,0,170.0,Dew Belt,2,26,False,False,False
R02,7346,0.5497,-59.0392,59.04,538.0,AridShrubland,0,145.0,Dew Belt,2,27,False,False,False
R02,7791,12.029,-39.8189,41.3,892.0,BiomeCypreJungle,0,3830.0,Scald Spine,2,12,False,False,False
R02,7794,13.2296,-42.2141,43.86,584.0,BiomeCypreJungle,0,3838.0,Scald Spine,2,10,False,False,False
R02,8150,9.5905,-53.7826,54.37,144.0,BiomeCypreJungle,0,19748.0,Dew Belt,2,17,False,False,False
R02,8151,10.8989,-53.3192,54.09,46.0,BiomeCypreJungle,0,19709.0,Dew Belt,2,16,False,False,False
R02,9224,-4.6511,-54.2249,54.36,651.0,BiomeCypreJungle,0,51.0,Scald Spine,2,29,False,False,False
R02,9225,-3.437,-54.6973,54.77,605.0,BiomeCypreJungle,0,50.0,Scald Spine,2,28,False,False,False
R02,9240,3.6395,-52.0487,52.14,333.0,BiomeCypreJungle,0,19810.0,Scald Spine,2,22,False,False,False
R02,9241,4.7862,-52.8776,53.03,311.0,BiomeCypreJungle,0,19809.0,Scald Spine,2,21,False,False,False
R02,9404,27.2387,-45.4257,51.39,9.0,AB_MiasmicMangrove,0,22712.0,Fever Wood,2,15,False,False,False
R02,9405,28.6292,-44.7947,51.47,13.0,AB_MiasmicMangrove,0,26176.0,Fever Wood,3,16,False,False,True
R02,9407,26.1848,-42.674,48.72,11.0,AB_MiasmicMangrove,0,5493.0,Fever Wood,2,18,False,False,False
R02,11912,15.3657,-47.2734,49.14,1.0,BiomeCypreJungle,0,6647.0,Dew Belt,3,6,False,False,True
R02,11913,16.533,-48.2955,50.37,1.0,BiomeCypreJungle,0,6642.0,Dew Belt,2,7,False,False,False
R02,11916,15.0175,-50.3613,51.96,1.0,BiomeCypreJungle,0,19554.0,Dew Belt,2,12,False,False,False
R02,11917,16.3486,-49.8536,51.78,1.0,BiomeCypreJungle,0,19496.0,Dew Belt,2,11,False,False,False
R02,11924,14.7099,-35.6233,38.17,47.0,BiomeCypreJungle,0,7139.0,Dune Sea,2,27,False,False,False
R02,11926,16.0142,-36.5007,39.41,1.0,BiomeCypreJungle,0,7141.0,Dune Sea,2,26,False,False,False
R02,11927,17.3369,-35.8686,39.33,3.0,BiomeCypreJungle,0,7138.0,Dune Sea,2,25,False,False,False
R02,12453,-0.6408,-61.0321,61.03,806.0,AridShrubland,0,95.0,Dew Horn,2,29,False,False,False
R02,12454,-1.3236,-62.0596,62.07,915.0,AridShrubland,0,70.0,Dew Horn,2,30,False,False,False
R02,12464,-1.097,-55.681,55.69,455.0,BiomeCypreJungle,0,49.0,Dew Belt,2,26,False,False,False
R02,12465,0.0,-56.2216,56.22,369.0,BiomeCypreJungle,0,47.0,Dew Belt,2,25,False,False,False
R02,12469,1.097,-55.681,55.69,309.0,BiomeCypreJungle,0,220.0,Dew Belt,3,24,False,False,True
R02,12480,3.2902,-56.0035,56.07,272.0,BiomeCypreJungle,0,37.0,Dew Belt,2,22,False,False,False
R02,12624,33.0837,-51.1424,58.29,4.0,BiomeCypreJungle,0,22550.0,Dew Horn,2,21,False,False,False
R02,12625,33.3656,-49.3329,57.03,10.0,AB_MiasmicMangrove,0,23258.0,Fever Wood,2,20,False,False,False
R02,12626,32.2031,-48.1581,55.64,12.0,AB_MiasmicMangrove,0,23982.0,Fever Wood,2,19,False,False,False
R02,12630,29.8339,-45.8902,52.86,14.0,AB_MiasmicMangrove,0,25452.0,Fever Wood,2,17,False,False,False
R02,15141,9.1691,-44.0991,44.85,927.0,BiomeCypreJungle,0,2793.0,Scald Spine,2,1,False,False,False
R02,15152,11.7678,-44.3648,45.58,609.0,BiomeCypreJungle,0,2805.0,Scald Spine,2,3,False,False,False
R02,15153,12.9818,-45.3101,46.74,269.0,BiomeCypreJungle,0,2808.0,Scald Spine,2,4,False,False,False
R02,15158,14.4427,-43.1872,45.08,300.0,BiomeCypreJungle,0,3840.0,Scald Spine,2,9,False,False,False
R02,15160,14.3185,-44.7363,46.51,171.0,BiomeCypreJungle,0,25.0,Scald Spine,2,8,False,False,False
R02,15161,15.5142,-45.7267,47.73,93.0,BiomeCypreJungle,0,3853.0,Dew Belt,3,7,False,False,True
R02,15173,13.3818,-36.268,38.34,97.0,BiomeCypreJungle,0,7139.0,Dune Sea,2,28,False,False,False
R02,15175,12.0595,-35.4354,37.18,-350.0,RUT_TheScald,1,0.0,Scald,1,29,False,True,False
R02,17237,-2.7675,-64.1741,64.21,1473.0,AB_OcularForest,0,20.0,Dew Horn,1,32,False,True,False
R02,17293,-9.9063,-50.911,51.6,966.0,BiomeCypreJungle,0,18.0,Scald Spine,1,34,False,True,False
R02,17294,-8.6092,-51.4138,51.93,961.0,BiomeCypreJungle,0,18.0,Scald Spine,1,33,False,True,False
R02,17295,-8.4598,-52.8332,53.3,787.0,BiomeCypreJungle,0,37.0,Scald Spine,3,32,False,False,True
R02,17296,-7.1615,-53.3087,53.64,741.0,BiomeCypreJungle,0,47.0,Scald Spine,3,31,False,False,True
R02,17304,5.7,-55.1392,55.34,248.0,BiomeCypreJungle,0,29.0,Dew Belt,2,20,False,False,False
R02,17305,6.9621,-54.7017,55.0,204.0,BiomeCypreJungle,0,19825.0,Dew Belt,3,19,False,False,True
R02,17329,12.368,-51.3755,52.43,1.0,BiomeCypreJungle,0,19636.0,Dew Belt,2,14,False,False,False
R02,17342,0.0,-49.8481,49.85,-350.0,RUT_TheScald,1,0.0,Scald,1,25,False,True,False
R02,17343,1.2319,-50.5539,50.56,1.0,BiomeCypreJungle,0,19814.0,Scald Spine,2,24,False,False,False
R02,18243,32.0777,-56.5145,62.13,1.0,AB_MiasmicMangrove,0,20558.0,Dew Horn,2,24,False,False,False
R02,18247,32.4393,-54.7347,60.84,1.0,AB_MiasmicMangrove,0,21200.0,Dew Horn,2,23,False,False,False
R02,18267,30.2624,-58.7613,63.39,1.0,AB_MiasmicMangrove,0,19341.0,Dew Horn,2,26,False,False,False
R02,18368,19.0204,-48.8346,51.52,1.0,AB_MiasmicMangrove,0,25582.0,Fever Wood,3,9,False,False,True
R02,18369,20.3702,-48.306,51.42,1.0,AB_MiasmicMangrove,0,25288.0,Fever Wood,2,10,False,False,False
R02,18371,17.8655,-47.7761,50.24,1.0,BiomeCypreJungle,0,6582.0,Dew Belt,2,8,False,False,False
R02,18375,23.0962,-47.2043,51.32,2.0,BiomeCypreJungle,0,24463.0,Dew Horn,2,12,False,False,False
R02,18376,24.4711,-46.6292,51.32,5.0,BiomeCypreJungle,0,23941.0,Dew Horn,2,13,False,False,False
R02,18383,24.9469,-41.6466,47.35,9.0,AB_MiasmicMangrove,0,6065.0,Fever Wood,2,19,False,False,False
R02,18385,22.4426,-39.6512,44.63,5.0,AB_MiasmicMangrove,0,6882.0,Fever Wood,2,21,False,False,False
R02,18404,21.177,-38.6807,43.29,3.0,AB_MiasmicMangrove,0,7078.0,Fever Wood,2,22,False,False,False
R02,18408,18.624,-36.7893,40.63,2.0,AB_MiasmicMangrove,0,7133.0,Fever Wood,2,24,False,False,False
R03,675,18.6529,0.0,18.65,312.0,Scarlands,0,12297.0,Scorch,2,22,False,False,False
R03,2020,11.7964,-18.7411,22.03,403.0,BiomeCypreJungle,0,28936.0,Dune Sea,2,2,False,False,False
R03,2835,12.3674,-2.3498,12.59,637.0,AB_MechanoidIntrusion,0,19230.0,Rust Cathedral,2,17,False,False,False
R03,3639,9.0666,-14.0396,16.66,608.0,BiomeCypreJungle,0,28351.0,Anvil,2,6,False,False,False
R03,6470,16.1639,0.0,16.16,322.0,Scarlands,0,15063.0,Scorch,2,20,False,False,False
R03,6474,21.0566,0.0,21.06,265.0,BiomeCypreJungle,0,9601.0,Dune Sea,2,24,False,False,False
R03,6486,6.3743,-9.3567,11.31,615.0,BiomeCypreJungle,0,26954.0,Anvil,2,10,False,False,False
R03,8500,10.3805,-14.8335,18.04,607.0,BiomeCypreJungle,0,28602.0,Anvil,2,5,False,False,False
R03,8501,11.6961,-15.6328,19.44,606.0,BiomeCypreJungle,0,28864.0,Anvil,2,4,False,False,False
R03,9128,25.6938,-1.5359,25.74,97.0,AB_MiasmicMangrove,0,3128.0,Dune Sea,2,29,False,False,False
R03,9129,26.7938,-0.7585,26.8,101.0,AB_MiasmicMangrove,0,1873.0,Dune Sea,2,30,False,False,False
R03,9130,24.5325,-0.777,24.54,131.0,AB_MiasmicMangrove,0,4402.0,Dune Sea,2,28,False,False,False
R03,9131,24.5325,0.777,24.54,118.0,AB_MiasmicMangrove,0,5676.0,Dune Sea,2,27,False,False,False
R03,11330,17.4208,0.7885,17.44,298.0,Scarlands,0,13674.0,Scorch,2,21,False,False,False
R03,11334,19.8674,-0.7916,19.88,606.0,BiomeCypreJungle,0,10940.0,Anvil,2,23,False,False,False
R03,11342,8.8552,-7.8103,11.79,628.0,AB_MechanoidIntrusion,0,25286.0,Rust Cathedral,2,12,False,False,False
R03,11343,8.7947,-6.2491,10.77,633.0,AB_MechanoidIntrusion,0,24255.0,Rust Cathedral,2,13,False,False,False
R03,11347,7.6205,-8.5838,11.46,622.0,BiomeCypreJungle,0,26193.0,Anvil,2,11,False,False,False
R03,12366,27.9298,-1.4983,27.97,71.0,AB_MiasmicMangrove,0,634.0,Dune Sea,1,31,False,True,False
R03,14564,11.1423,-3.1296,11.57,639.0,AB_MechanoidIntrusion,0,20573.0,Rust Cathedral,2,16,False,False,False
R03,14568,10.007,-5.4723,11.39,637.0,AB_MechanoidIntrusion,0,23103.0,Rust Cathedral,2,14,False,False,False
R03,14569,9.9354,-3.9086,10.67,639.0,AB_MechanoidIntrusion,0,21873.0,Rust Cathedral,2,15,False,False,False
R03,14570,13.6216,-1.5688,13.71,632.0,AB_MechanoidIntrusion,0,17857.0,Rust Cathedral,2,18,False,False,False
R03,14571,14.8926,-0.7857,14.91,626.0,AB_MechanoidIntrusion,0,16461.0,Rust Cathedral,2,19,False,False,False
R03,16726,22.2305,0.7927,22.24,254.0,BiomeCypreJungle,0,8277.0,Dune Sea,2,25,False,False,False
R03,16727,23.4071,1.5724,23.46,200.0,BiomeCypreJungle,0,6968.0,Dune Sea,2,26,False,False,False
R03,19361,11.8794,-21.8335,24.72,-350.0,RUT_TheScald,1,0.0,Scald,1,0,True,True,False
R03,19389,7.7561,-13.25,15.32,608.0,BiomeCypreJungle,0,28094.0,Anvil,2,7,False,False,False
R03,19390,6.4131,-10.9114,12.64,611.0,BiomeCypreJungle,0,27504.0,Anvil,2,9,False,False,False
R03,19391,6.4495,-12.4642,14.01,607.0,BiomeCypreJungle,0,27818.0,Anvil,2,8,False,False,False
R03,19400,11.7483,-17.1887,20.72,352.0,BiomeCypreJungle,0,28930.0,Dune Sea,2,3,False,False,False
R03,19404,11.8401,-20.2896,23.37,424.0,BiomeCypreJungle,0,28936.0,Dune Sea,2,1,False,False,False
R04,2793,-20.9293,-21.4204,29.6,112.0,BiomeCypreJungle,0,50.0,Dune Sea,2,1,False,False,False
R04,6225,-18.3575,-21.3006,27.84,269.0,BiomeCypreJungle,0,47.0,Dune Sea,2,2,False,False,False
R04,6229,-17.15,-23.5833,28.87,733.0,BiomeCypreJungle,0,59.0,Dune Sea,1,4,False,True,False
R04,11085,-17.0355,-20.4614,26.39,461.0,BiomeCypreJungle,0,48.0,Dune Sea,1,3,False,True,False
R04,11088,-15.8228,-22.7465,27.47,991.0,BiomeCypreJungle,0,45.0,Dune Sea,1,4,False,True,False
R04,11089,-17.0957,-22.0244,27.62,485.0,BiomeCypreJungle,0,50.0,Dune Sea,2,3,False,False,False
R04,14319,-20.8546,-19.8255,28.47,84.0,BiomeCypreJungle,0,73.0,Dune Sea,2,0,True,False,False
R04,14322,-18.2889,-19.7299,26.65,267.0,BiomeCypreJungle,0,45.0,Dune Sea,2,2,False,False,False
R04,14323,-19.6087,-20.5722,28.12,162.0,BiomeCypreJungle,0,79.0,Dune Sea,3,1,False,False,True
R04,14324,-19.6794,-22.1475,29.29,183.0,BiomeCypreJungle,0,55.0,Dune Sea,2,2,False,False,False
R04,14326,-18.4197,-22.8675,29.05,313.0,BiomeCypreJungle,0,59.0,Dune Sea,2,3,False,False,False
R05,2015,15.9109,-25.8424,30.06,91.0,BiomeCypreJungle,0,777.0,Dune Sea,2,2,False,False,False
R05,3473,25.2855,-33.4057,40.99,26.0,AB_MiasmicMangrove,0,499.0,Fever Wood,1,10,False,True,False
R05,6448,21.2847,-30.7802,36.82,21.0,BiomeCypreJungle,0,1657.0,Dune Sea,2,7,False,False,False
R05,6450,17.2775,-28.2268,32.72,18.0,BiomeCypreJungle,0,1821.0,Dune Sea,2,4,False,False,False
R05,8493,13.3081,-27.2491,30.1,-350.0,RUT_TheScald,1,0.0,Scald,1,0,True,True,False
R05,11308,19.9428,-29.9329,35.45,20.0,BiomeCypreJungle,0,1759.0,Dune Sea,2,6,False,False,False
R05,11309,18.6069,-29.082,34.08,19.0,BiomeCypreJungle,0,1814.0,Dune Sea,2,5,False,False,False
R05,18398,23.9574,-32.5145,39.59,24.0,BiomeCypreJungle,0,1014.0,Dune Sea,2,9,False,False,False
R05,18399,22.6235,-31.6396,38.2,23.0,BiomeCypreJungle,0,1406.0,Dune Sea,2,8,False,False,False
R05,19371,14.6138,-26.5462,30.04,128.0,BiomeCypreJungle,0,777.0,Dune Sea,2,1,False,False,False
R05,19372,15.9466,-27.3811,31.37,17.0,BiomeCypreJungle,0,1825.0,Dune Sea,2,3,False,False,False
R06,1855,19.9846,-33.0269,38.01,11.0,BiomeCypreJungle,0,1007.0,Dune Sea,2,5,False,False,False
R06,2014,16.0026,-30.4373,34.03,91.0,BiomeCypreJungle,0,1085.0,Dune Sea,2,1,False,False,False
R06,6449,18.639,-30.6172,35.37,14.0,BiomeCypreJungle,0,1078.0,Dune Sea,2,3,False,False,False
R06,8330,22.5797,-36.4274,42.02,10.0,AB_MiasmicMangrove,0,406.0,Fever Wood,2,8,False,False,False
R06,8331,23.8698,-37.3724,43.39,13.0,AB_MiasmicMangrove,0,67.0,Fever Wood,1,9,False,True,False
R06,8334,22.6157,-34.8239,40.73,15.0,AB_MiasmicMangrove,0,754.0,Fever Wood,2,7,False,False,False
R06,18411,21.3027,-33.9175,39.36,13.0,BiomeCypreJungle,0,954.0,Dune Sea,2,6,False,False,False
R06,18413,19.9722,-31.4759,36.72,15.0,BiomeCypreJungle,0,1071.0,Dune Sea,2,4,False,False,False
R06,19366,17.3336,-31.2876,35.34,10.0,BiomeCypreJungle,0,1085.0,Dune Sea,2,2,False,False,False
R06,19369,14.6904,-31.114,34.09,-350.0,RUT_TheScald,1,0.0,Scald,1,0,True,True,False
R07,2927,-21.9252,-65.7983,67.65,708.0,AridShrubland,0,95.0,Dew Belt,2,3,False,False,False
R07,2928,-19.0885,-62.1756,63.83,1329.0,AB_OcularForest,0,20.0,Dew Horn,1,6,False,True,False
R07,7786,-20.0903,-63.3803,65.11,1085.0,AridShrubland,0,45.0,Dew Horn,2,5,False,False,False
R07,7787,-21.0361,-64.5882,66.39,879.0,AridShrubland,0,70.0,Dew Horn,2,4,False,False,False
R07,15124,-22.8024,-67.0273,68.91,562.0,AridShrubland,0,120.0,Long Sand,2,2,False,False,False
R07,15125,-23.6756,-68.2785,70.19,481.0,AridShrubland,0,145.0,Long Sand,2,1,False,False,False
R07,15127,-23.0905,-69.8446,71.52,459.0,AridShrubland,0,170.0,Long Sand,1,0,True,True,False
R08,7041,10.1696,-47.9789,48.78,387.0,BiomeCypreJungle,0,20.0,Scald Spine,1,3,False,True,False
R08,7054,12.6947,-48.3642,49.6,34.0,BiomeCypreJungle,0,23.0,Dew Belt,2,1,False,False,False
R08,11915,13.8672,-49.3457,50.76,1.0,BiomeCypreJungle,0,34.0,Dew Belt,2,0,True,False,False
R08,15155,10.2955,-46.4865,47.36,551.0,BiomeCypreJungle,0,20.0,Scald Spine,1,3,False,True,False
R08,15157,11.5048,-47.4102,48.46,266.0,BiomeCypreJungle,0,25.0,Scald Spine,2,2,False,False,False
R08,17326,11.3621,-48.9128,49.88,148.0,BiomeCypreJungle,0,21.0,Scald Spine,2,2,False,False,False
R08,17328,12.535,-49.8772,51.02,1.0,BiomeCypreJungle,0,23.0,Dew Belt,2,1,False,False,False
R09,3223,-4.3227,66.4021,66.47,515.0,AridShrubland,0,70.0,Ashfall Range,2,3,False,False,False
R09,8081,-5.914,68.7014,68.82,143.0,AridShrubland,0,120.0,Ashfall Range,2,1,False,False,False
R09,8082,-5.1245,67.5573,67.65,319.0,AridShrubland,0,95.0,Ashfall Range,2,2,False,False,False
R09,16869,-3.5332,65.2694,65.32,973.0,AridShrubland,0,45.0,Ashfall Range,2,4,False,False,False
R09,16871,-2.7675,64.1741,64.21,1720.0,AB_OcularForest,0,20.0,Ashfall Range,1,5,False,True,False
R09,16893,-5.2084,69.9561,70.04,-350.0,RUT_GreySea,1,0.0,Grey Sea,1,0,True,True,False
R10,698,-12.4113,62.3835,63.08,557.0,AridShrubland,0,70.0,Ashfall Range,2,3,False,False,False
R10,11469,-11.9206,63.8302,64.44,307.0,AridShrubland,0,95.0,Ashfall Range,2,2,False,False,False
R10,11470,-11.4911,61.2701,61.9,823.0,AridShrubland,0,45.0,Ashfall Range,2,4,False,False,False
R10,16882,-12.2785,66.4054,66.98,1.0,AridShrubland,0,145.0,Ashfall Range,1,0,True,True,False
R10,16883,-11.396,65.2618,65.78,135.0,AridShrubland,0,120.0,Ashfall Range,2,1,False,False,False
R10,16957,-10.578,60.1764,60.73,1342.0,AB_OcularForest,0,20.0,Ashfall Range,1,5,False,True,False
R11,1603,-2.1987,67.7266,67.74,527.0,AridShrubland,0,70.0,Ashfall Range,2,2,False,False,False
R11,9160,-0.7068,65.4631,65.47,1627.0,AB_OcularForest,0,20.0,Ashfall Range,1,4,False,True,False
R11,16897,-3.721,70.0426,70.09,-350.0,RUT_GreySea,1,0.0,Grey Sea,1,0,True,True,False
R11,16898,-2.9583,68.8799,68.91,181.0,ZBiome_Badlands,0,95.0,Ashfall Range,2,1,False,False,False
R11,16901,-1.4428,66.5826,66.59,1118.0,AridShrubland,0,45.0,Ashfall Range,2,3,False,False,False
R12,777,-7.6333,-47.6515,48.11,861.0,AB_OcularForest,0,45.0,Scald Spine,2,1,False,False,False
R12,11943,-6.4027,-46.7929,47.13,-350.0,RUT_TheScald,1,0.0,Scald,2,0,True,False,False
R12,11945,-8.846,-48.5382,49.14,1587.0,BiomeCypreJungle,0,20.0,Scald Spine,1,2,False,True,False
R12,11946,-7.5361,-49.0867,49.51,1407.0,BiomeCypreJungle,0,20.0,Scald Spine,1,2,False,True,False
R12,11947,-6.3228,-48.2175,48.53,780.0,AB_OcularForest,0,45.0,Scald Spine,2,1,False,False,False
R13,3180,-20.0203,-7.1239,21.2,885.0,AridShrubland,0,45.0,Dune Sea,2,3,False,False,False
R13,8040,-21.2706,-7.915,22.63,431.0,AridShrubland,0,70.0,Dune Sea,2,2,False,False,False
R13,8041,-22.5582,-8.6716,24.09,36.0,AridShrubland,0,95.0,Dune Sea,2,1,False,False,False
R13,16634,-22.7228,-10.2155,24.8,1.0,AridShrubland,0,120.0,Dune Sea,1,0,True,True,False
R13,16645,-18.773,-6.322,19.77,612.0,AridShrubland,0,20.0,Anvil,1,4,False,True,False
R14,1174,-19.7468,-23.7126,30.49,265.0,BiomeCypreJungle,0,55.0,Dune Sea,2,2,False,False,False
R14,7653,-22.2547,-22.2669,31.07,99.0,BiomeCypreJungle,0,43.0,Dune Sea,1,0,True,True,False
R14,14325,-21.0075,-22.9902,30.75,148.0,BiomeCypreJungle,0,50.0,Dune Sea,2,1,False,False,False
R14,14327,-18.4769,-24.4281,30.28,516.0,BiomeCypreJungle,0,56.0,Dune Sea,2,3,False,False,False
R14,19482,-17.1984,-25.1372,30.14,1045.0,BiomeCypreJungle,0,48.0,Dune Sea,1,4,False,True,False
R15,1312,11.6402,-45.8941,47.03,392.0,BiomeCypreJungle,0,25.0,Scald Spine,1,2,False,True,False
R15,11914,14.0312,-47.8153,49.35,1.0,BiomeCypreJungle,0,21.0,Dew Belt,1,0,True,True,False
R15,15156,12.8429,-46.843,48.17,133.0,BiomeCypreJungle,0,26.0,Scald Spine,2,1,False,False,False
R16,7043,8.7308,-49.9843,50.54,287.0,BiomeCypreJungle,0,18.0,Scald Spine,1,1,False,True,False
R16,17324,9.9063,-50.911,51.6,145.0,BiomeCypreJungle,0,16.0,Dew Belt,1,0,True,True,False
