id,rimflow_item_id,prompt,canvas_w,canvas_h,reference,facings,style_notes,priority,background,channel,oversize_reason
RM_Fuzzrunner,LEANINGSCRUB_BEDAZZLE_SITTING_1,"RimWorld game creature sprite: the fuzzrunner, a plump low-slung tunnel-hare of a windswept knee-high scrubland — big sprinting hindquarters, small tucked ears built for corridors, a blunt whiskered muzzle, caught mid-lope low to the ground as if under a canopy just above its back. Round with fog-fat, workmanlike and watchful, never cute. Its coat is short dense plush, not fluffy. No nameable Earth rabbit or rodent.",256,256,,"south,east,north","leaning scrub register: a knee-high silver-green scrubland under a low, fog-softened sun that never rises or sets — the last ten minutes of a sunset that never ends; silver-green fuzz banding grey darkward and waxy gold sunward, everything leaning the same way in a wind that never stops; no rain and nothing rain-slicked; realistic painted natural-history illustration, grounded believable anatomy, matte surface texture, never cartoonish, never cute, no outlines, alien but biologically plausible; owner law verbatim: ""Your color palette is too uniform per biome. Needs more variety."" — this subject's palette anchor is FOG-SILVER: pale silver-buff coat with a damp grey underside and a darker spine-line — the one animal painted the canopy's own silver so a glimpse reads as the fuzz itself moving; deliberately distinct from the rest of the cast; the biome's staple prey animal, bs~0.2, drawSize ~0.8, herd-common tunnel-runner that freezes rigid when the wind dies; north facing is a true rear view seen from directly behind: no eyes, no face, no mouth or frontal features visible, only the big haunches, spine-line and tucked ears from behind",70,transparent,codex,
RM_Thornhold,LEANINGSCRUB_BEDAZZLE_SITTING_1,"RimWorld game creature sprite: the thornhold, a compact armored nesting animal of a windswept knee-high scrubland — a broad low body behind a blunt braced head, a mantle of erectile venom-tipped quill-thorns half-raised along back and flanks, short planted legs built to hold ground rather than cover it. Posture braced and facing trouble: this animal forbids rather than flees. No nameable Earth porcupine, hedgehog or armadillo.",256,256,,"south,east,north","leaning scrub register: a knee-high silver-green scrubland under a low, fog-softened sun that never rises or sets — the last ten minutes of a sunset that never ends; silver-green fuzz banding grey darkward and waxy gold sunward, everything leaning the same way in a wind that never stops; no rain and nothing rain-slicked; realistic painted natural-history illustration, grounded believable anatomy, matte surface texture, never cartoonish, never cute, no outlines, alien but biologically plausible; owner law verbatim: ""Your color palette is too uniform per biome. Needs more variety."" — this subject's palette anchor is BONE-AND-VENOM: pale bone-tan plating with quills tipped dark dried-blood umber, echoing the near-black venomvine stands it dens inside; a single dark eye-stripe the only face marking; deliberately distinct from the rest of the cast; bs~0.4, drawSize ~1.0, venomous melee nester that dens in thorn thickets and never abandons the nest; reads stubborn, not fierce; north facing is a true rear view seen from directly behind: no eyes, no face, no mouth or frontal features visible, only the raised quill-mantle, broad back plating and short hind legs from behind",70,transparent,codex,
RM_Shokka,LEANINGSCRUB_BEDAZZLE_SITTING_1,"RimWorld game creature sprite: the shokka, a long low ambush predator of the pale dead ground where a windswept scrubland breaks into barrens — a cat-like animal held flat in a pounce-crouch, shoulders lower than hips, big forepaws, a wide flat skull with low-set eyes, tail held straight back as a counterweight. It waits where small trails are forced to cross open ground, sometimes for a day. No nameable Earth cat, and no spots-on-yellow leopard read.",256,256,,"south,east,north","leaning scrub register: a knee-high silver-green scrubland under a low, fog-softened sun that never rises or sets — the last ten minutes of a sunset that never ends; silver-green fuzz banding grey darkward and waxy gold sunward, everything leaning the same way in a wind that never stops; no rain and nothing rain-slicked; realistic painted natural-history illustration, grounded believable anatomy, matte surface texture, never cartoonish, never cute, no outlines, alien but biologically plausible; owner law verbatim: ""Your color palette is too uniform per biome. Needs more variety."" — this subject's palette anchor is BARRENS-DAPPLE: pale dust-gold ground colour with broken waxy-buff dappling and a chalk-pale belly — the palette of the dead pale wake behind a shrub, not the living silver fuzz; the warm pole of a mostly cool cast, deliberately distinct from the rest; bs~1.2 (medium ceiling), drawSize ~1.7, patient crossing-ambusher whose pelt is prized as camouflage weave; north facing is a true rear view seen from directly behind: no eyes, no face, no mouth or frontal features visible, only the flattened shoulders, dappled back and straight counterweight tail from behind",70,transparent,codex,
RM_Zellik,LEANINGSCRUB_BEDAZZLE_SITTING_1,"RimWorld game creature sprite: the zellik, a tall hunched wind-hunting flyer of a windswept knee-high scrubland, GROUNDED — long wings folded and drooped past the tail like a closed umbrella, a lean keeled body on strong bare tarsi, a flat wide-eyed face built for reading texture at great distance, posture patient, still, and slightly wrong. It hunts only when the wind dies and the canopy beneath it goes still. This is the grounded sprite only. No nameable Earth owl, harrier or heron.",256,256,,"south,east,north","leaning scrub register: a knee-high silver-green scrubland under a low, fog-softened sun that never rises or sets — the last ten minutes of a sunset that never ends; silver-green fuzz banding grey darkward and waxy gold sunward, everything leaning the same way in a wind that never stops; no rain and nothing rain-slicked; realistic painted natural-history illustration, grounded believable anatomy, matte surface texture, never cartoonish, never cute, no outlines, alien but biologically plausible; owner law verbatim: ""Your color palette is too uniform per biome. Needs more variety."" — this subject's palette anchor is SLATE-AND-GLARE: dark storm-slate mantle over a pale fog-white underside, one waxy-gold ring around each eye as the sole hot accent — the cold pole of the cast, deliberately distinct from the rest; bs~0.9, drawSize ~1.6 grounded because the folded wings carry the size; TRUE FLYER (MaxFlightTime stats) — flight flip-book frames are a separate follow-on and must not be attempted here; north facing is a true rear view seen from directly behind: no eyes, no face, no mouth or frontal features visible, only the folded wing-drape, mantle and tarsi from behind",70,transparent,codex,
RM_Fuzzviper,LEANINGSCRUB_BEDAZZLE_SITTING_1,"RimWorld game creature sprite: the fuzzviper, a thick-bodied short snake-analog that ambushes inside worn animal runs under a knee-high canopy — coiled in a tight S-posture with the head laid flat along the ground like a root, jaw heavy, eyes small and high. Its whole body imitates plant stems: keeled scales that read as fine leaf texture. No nameable Earth viper.",256,256,,"south,east,north","leaning scrub register: a knee-high silver-green scrubland under a low, fog-softened sun that never rises or sets — the last ten minutes of a sunset that never ends; silver-green fuzz banding grey darkward and waxy gold sunward, everything leaning the same way in a wind that never stops; no rain and nothing rain-slicked; realistic painted natural-history illustration, grounded believable anatomy, matte surface texture, never cartoonish, never cute, no outlines, alien but biologically plausible; owner law verbatim: ""Your color palette is too uniform per biome. Needs more variety."" — this subject's palette anchor is CANOPY-MIMIC: exactly the scrubland's own silver-green with darker stem-shadow banding — the ONE cast member deliberately painted the room's own colour, because disappearing into the fuzz is the whole animal; every other subject differs from it on purpose; bs~0.3, drawSize ~0.9, run-ambusher; north facing is a true rear view seen from directly behind: no eyes, no face, no mouth or frontal features visible, only the dorsal coil and banded back from behind, head hidden",70,transparent,codex,
RM_Surrik,LEANINGSCRUB_BEDAZZLE_SITTING_1,"RimWorld game creature sprite: the surrik, a blunt-headed burrowing snake-analog that swims through root-bound crust soil the way a fish swims water — caught surfacing chest-up through cracked crust, thick muscular neck, a reinforced wedge head with tiny near-useless eyes, scales polished glassy by the ground itself. No nameable Earth snake or amphisbaenian.",256,256,,"south,east,north","leaning scrub register: a knee-high silver-green scrubland under a low, fog-softened sun that never rises or sets — the last ten minutes of a sunset that never ends; silver-green fuzz banding grey darkward and waxy gold sunward, everything leaning the same way in a wind that never stops; no rain and nothing rain-slicked; realistic painted natural-history illustration, grounded believable anatomy, matte surface texture, never cartoonish, never cute, no outlines, alien but biologically plausible; owner law verbatim: ""Your color palette is too uniform per biome. Needs more variety."" — this subject's palette anchor is LOAM-DARK: deep root-brown body with a pale crust-dust saddle across the back where it wears the ground, and a root-pale belly; deliberately distinct from the rest of the cast; bs~0.5, drawSize ~1.0, subterranean predator that strikes upward from under the root mat; north facing is a true rear view seen from directly behind: no eyes, no face, no mouth or frontal features visible, only the polished back, dust saddle and disappearing tail from behind",70,transparent,codex,
RM_Ribbonwhip,LEANINGSCRUB_BEDAZZLE_SITTING_1,"RimWorld game creature sprite: the ribbonwhip, an impossibly slender thread-snake that lives its whole life ON TOP of a knee-high canopy, never touching the ground — laid in a long shallow wave as if draped across springy foliage, body no wider than a plant stem, head barely wider than the body, moving only when the wind moves. No nameable Earth vine snake.",256,256,,"south,east,north","leaning scrub register: a knee-high silver-green scrubland under a low, fog-softened sun that never rises or sets — the last ten minutes of a sunset that never ends; silver-green fuzz banding grey darkward and waxy gold sunward, everything leaning the same way in a wind that never stops; no rain and nothing rain-slicked; realistic painted natural-history illustration, grounded believable anatomy, matte surface texture, never cartoonish, never cute, no outlines, alien but biologically plausible; owner law verbatim: ""Your color palette is too uniform per biome. Needs more variety."" — this subject's palette anchor is WAXY-GOLD: sunward waxy gold with a silver sheen down the flank — matched to the sun-starved gold band of the scrub, the brightest and thinnest thing in the cast, deliberately distinct from the rest; bs~0.25, drawSize ~1.1 (length not mass), canopy-top hunter of flutterers and nestlings; north facing is a true rear view seen from directly behind: no eyes, no face, no mouth or frontal features visible, only the long golden wave of the body from behind",70,transparent,codex,
RM_Vissler,LEANINGSCRUB_BEDAZZLE_SITTING_1,"RimWorld game creature sprite: the vissler, a five-armed terrestrial brittlestar that hunts and is hunted in the tunnel-runs under a knee-high canopy — a low armored central disc, five long jointed whip-arms like braided cable, one arm visibly shorter and paler where it is regrowing after being shed as a decoy. Posture mid-crawl, arms working. No nameable Earth starfish read; this is a dry-land animal in plated armor.",256,256,,"south,east,north","leaning scrub register: a knee-high silver-green scrubland under a low, fog-softened sun that never rises or sets — the last ten minutes of a sunset that never ends; silver-green fuzz banding grey darkward and waxy gold sunward, everything leaning the same way in a wind that never stops; no rain and nothing rain-slicked; realistic painted natural-history illustration, grounded believable anatomy, matte surface texture, never cartoonish, never cute, no outlines, alien but biologically plausible; owner law verbatim: ""Your color palette is too uniform per biome. Needs more variety."" — this subject's palette anchor is LICHEN-GREY over EMBER CORE: dry lichen-grey armor plates with joint-lines glowing a faint ember-orange where the living core shows between plates; deliberately distinct from the rest of the cast; bs~0.15, drawSize ~0.9; it sheds a twitching arm as a decoy and regrows it — the sprite must show the one regrowing arm; north facing is a true rear view seen from directly behind: no eyes, no face, no mouth or frontal features visible, only the disc and five trailing arms from behind",70,transparent,codex,
RM_VisslerArm,LEANINGSCRUB_BEDAZZLE_SITTING_1,"RimWorld game item sprite: a vissler arm — the shed limb of a five-armed plated brittlestar, sold as a hunter's lure because it keeps twitching for days. A single curled, jointed whip-arm of grey armor plates, coiled with residual intent, the ember-orange glow of its joint-lines fading toward the broken shoulder end. Single item on nothing, reads instantly as a piece of a living animal and not a rope or a root.",256,256,,,"leaning scrub register: a knee-high silver-green scrubland under a low, fog-softened sun that never rises or sets — the last ten minutes of a sunset that never ends; silver-green fuzz banding grey darkward and waxy gold sunward, everything leaning the same way in a wind that never stops; no rain and nothing rain-slicked; realistic painted natural-history illustration, grounded believable anatomy, matte surface texture, never cartoonish, never cute, no outlines, alien but biologically plausible; owner law verbatim: ""Your color palette is too uniform per biome. Needs more variety."" — this subject shares the vissler's palette anchor (LICHEN-GREY over fading EMBER) because it IS a piece of the vissler — the one deliberate palette pairing in the cast; item icon, single facing; harvestable lure item, mechanics ride the build ticket",70,transparent,codex,
RM_Dustflutter,LEANINGSCRUB_BEDAZZLE_SITTING_1,"RimWorld game creature sprite: the dustflutter, a palm-sized round-bodied flutterer of a windswept knee-high scrubland — wide soft moth-like wings, almost no tail, plump dusty body, caught in mid-burst with legs still trailing: it cannot truly fly, it can only be somewhere else, and whole flocks burst up and resettle forty paces on. No nameable Earth moth, quail or pigeon.",256,256,,"south,east,north","leaning scrub register: a knee-high silver-green scrubland under a low, fog-softened sun that never rises or sets — the last ten minutes of a sunset that never ends; silver-green fuzz banding grey darkward and waxy gold sunward, everything leaning the same way in a wind that never stops; no rain and nothing rain-slicked; realistic painted natural-history illustration, grounded believable anatomy, matte surface texture, never cartoonish, never cute, no outlines, alien but biologically plausible; owner law verbatim: ""Your color palette is too uniform per biome. Needs more variety."" — this subject's palette anchor is MOTH-DUST: ash-buff body with fog-white wing undersides that flash when a flock turns, faint dark crescents at the wing roots; deliberately distinct from the rest of the cast; bs~0.08, drawSize ~0.6, flock-common; tiny MaxFlightTime — flight as displacement, not travel; any flight animation frames are a separate follow-on and must not be attempted here; north facing is a true rear view seen from directly behind: no eyes, no face, no mouth or frontal features visible, only the folded dusty wings and round body from behind",70,transparent,codex,
RM_Shirrel,LEANINGSCRUB_BEDAZZLE_SITTING_1,"RimWorld game creature sprite: the shirrel, a heavy cat-sized gliding animal of a windswept knee-high scrubland, GROUNDED — a full body-length gliding membrane furled in loose pleats along each flank, strong hooked climbing claws, a deep-keeled chest, posture braced against wind at the base of a great tree. It waits for gales and crosses whole countries on them. No nameable Earth flying squirrel or colugo.",256,256,,"south,east,north","leaning scrub register: a knee-high silver-green scrubland under a low, fog-softened sun that never rises or sets — the last ten minutes of a sunset that never ends; silver-green fuzz banding grey darkward and waxy gold sunward, everything leaning the same way in a wind that never stops; no rain and nothing rain-slicked; realistic painted natural-history illustration, grounded believable anatomy, matte surface texture, never cartoonish, never cute, no outlines, alien but biologically plausible; owner law verbatim: ""Your color palette is too uniform per biome. Needs more variety."" — this subject's palette anchor is STORM-GREY: charcoal body with the furled membrane banded in slate and fog-white, like weather rolled up and strapped to its sides; deliberately distinct from the rest of the cast; bs~0.7, drawSize ~1.2, gale-rider and great-tree associate; grounded sprite only; north facing is a true rear view seen from directly behind: no eyes, no face, no mouth or frontal features visible, only the pleated furled membranes, back and climbing haunches from behind",70,transparent,codex,
RM_Crustweevil,LEANINGSCRUB_BEDAZZLE_SITTING_1,"RimWorld game creature sprite: the crustweevil, a domed long-snouted weevil-analog that grazes crust lichens on a windswept plain — a smooth armored dome with the legs hidden under the shell rim, a long curved snout held down against the ground mid-graze. Small, dense, unhurried. No nameable Earth beetle species read.",256,256,,"south,east,north","leaning scrub register: a knee-high silver-green scrubland under a low, fog-softened sun that never rises or sets — the last ten minutes of a sunset that never ends; silver-green fuzz banding grey darkward and waxy gold sunward, everything leaning the same way in a wind that never stops; no rain and nothing rain-slicked; realistic painted natural-history illustration, grounded believable anatomy, matte surface texture, never cartoonish, never cute, no outlines, alien but biologically plausible; owner law verbatim: ""Your color palette is too uniform per biome. Needs more variety."" — this subject's palette anchor is OXIDE-SHEEN: near-black shell with an oily blue-green oxide iridescence and a pale dust film at the dome crown; deliberately distinct from the rest of the cast; bs~0.05, drawSize ~0.5, the invertebrate base of the food web; north facing is a true rear view seen from directly behind: no eyes, no face, no mouth or frontal features visible, only the iridescent dome and shell rim from behind",70,transparent,codex,
RM_Rollbug,LEANINGSCRUB_BEDAZZLE_SITTING_1,"RimWorld game creature sprite: the rollbug, a broad flat-backed beetle-analog that keeps the tunnel-runs of a knee-high scrubland clean — caught in its pushing posture, head low, forebody braced, strong hind legs set to roll a burden (render the animal ALONE, no ball, no debris). Built like a small vault door on legs. No nameable Earth dung beetle read.",256,256,,"south,east,north","leaning scrub register: a knee-high silver-green scrubland under a low, fog-softened sun that never rises or sets — the last ten minutes of a sunset that never ends; silver-green fuzz banding grey darkward and waxy gold sunward, everything leaning the same way in a wind that never stops; no rain and nothing rain-slicked; realistic painted natural-history illustration, grounded believable anatomy, matte surface texture, never cartoonish, never cute, no outlines, alien but biologically plausible; owner law verbatim: ""Your color palette is too uniform per biome. Needs more variety."" — this subject's palette anchor is TAR-POLISH: deep tar-brown chitin polished to a bright shine on the wear-points of the forebody and hind legs, dull dust film everywhere else — worn tool, not jewel; deliberately distinct from the rest of the cast; bs~0.06, drawSize ~0.55, carrion and waste feeder on fixed corridor beats; north facing is a true rear view seen from directly behind: no eyes, no face, no mouth or frontal features visible, only the flat polished back and braced hind legs from behind",70,transparent,codex,
RM_Tikkit,LEANINGSCRUB_BEDAZZLE_SITTING_1,"RimWorld game creature sprite: the tikkit, a slight long-legged cricket-analog whose millions click to each other under the canopy of a windswept scrubland — big-eyed, delicate, serrated click-limbs half-raised mid-stridulation, antennae streaming with the wind. An animal of sound, drawn quiet. No nameable Earth cricket or katydid read.",256,256,,"south,east,north","leaning scrub register: a knee-high silver-green scrubland under a low, fog-softened sun that never rises or sets — the last ten minutes of a sunset that never ends; silver-green fuzz banding grey darkward and waxy gold sunward, everything leaning the same way in a wind that never stops; no rain and nothing rain-slicked; realistic painted natural-history illustration, grounded believable anatomy, matte surface texture, never cartoonish, never cute, no outlines, alien but biologically plausible; owner law verbatim: ""Your color palette is too uniform per biome. Needs more variety."" — this subject's palette anchor is DRY-GRASS: dried-grass tan with dark banding on the raised click-limbs and a pale throat; deliberately distinct from the rest of the cast; bs~0.04, drawSize ~0.5, swarm-common; its click-chorus is soundscape richness and the creature is ecology only — never a warning device, and nothing in the render should read as display or alarm posture, just an animal talking; north facing is a true rear view seen from directly behind: no eyes, no face, no mouth or frontal features visible, only the folded wings, banded click-limbs and streaming antennae from behind",70,transparent,codex,
RM_Whipfuzz,LEANINGSCRUB_BEDAZZLE_SITTING_1,"RimWorld game plant sprite: whipfuzz, the thin between-shrub grass of a windswept knee-high scrubland — a sparse tuft of long fine blades that lie almost flat, every blade bent the SAME direction by a wind that never stops, tips whipping. Sparse and struggling, never lush, never a dense clump. Single plant, viewed from a slight isometric game camera angle, centered, soft shadow only, no background scenery.",256,256,,,"leaning scrub register: a knee-high silver-green scrubland under a low, fog-softened sun that never rises or sets — the last ten minutes of a sunset that never ends; silver-green fuzz banding grey darkward and waxy gold sunward, everything leaning the same way in a wind that never stops; no rain and nothing rain-slicked; realistic painted natural-history illustration, grounded believable anatomy, matte surface texture, never cartoonish, never cute, no outlines, alien but biologically plausible; owner law verbatim: ""Your color palette is too uniform per biome. Needs more variety."" — this subject's palette anchor is SILVER-GREEN, the biome's signature register carried by exactly one plant so the rest of the flora is free to differ: pale silver-green blades darkening at the root; fire-resistant living flora — nothing dry, straw-like or tinder-read; the permanent lean is the read: one direction, all blades; Graphic_Random master, distinct tangles wanted, drawSize ~1.0",70,transparent,codex,
RM_Pillowmoss,LEANINGSCRUB_BEDAZZLE_SITTING_1,"RimWorld game plant sprite: pillowmoss, a fat low moss cushion that drinks fog out of a never-ending ground wind — a dense, wet-looking dome of fine deep-green pile, its windward face beaded with condensed silver droplets, the ground at its foot darkened with damp. Too low for the wind to bend. Single plant, slight isometric game angle, centered, soft shadow only, no background scenery.",256,256,,,"leaning scrub register: a knee-high silver-green scrubland under a low, fog-softened sun that never rises or sets — the last ten minutes of a sunset that never ends; silver-green fuzz banding grey darkward and waxy gold sunward, everything leaning the same way in a wind that never stops; no rain and nothing rain-slicked; realistic painted natural-history illustration, grounded believable anatomy, matte surface texture, never cartoonish, never cute, no outlines, alien but biologically plausible; owner law verbatim: ""Your color palette is too uniform per biome. Needs more variety."" — this subject's palette anchor is DEEP FOG-GREEN with DEW-SILVER beading: the darkest green in the cast, wet pile texture, silver droplets only on the windward side so the wind direction is readable; fire-resistant living flora, nothing dry; drawSize ~0.8, Graphic_Random master",70,transparent,codex,
RM_Tanglefuzz,LEANINGSCRUB_BEDAZZLE_SITTING_1,"RimWorld game plant sprite: tanglefuzz, the den-anchor bush of a windswept knee-high scrubland — a woody, knotted shrub over a visibly massive near-black root-flare, a shadowed hollow readable at the base where burrows converge, grey-olive foliage leaning hard in the permanent wind. Knee-high at most, one bush alone (spaced flora law — never a clump). Single plant, slight isometric game angle, centered, soft shadow only, no background scenery.",256,256,,,"leaning scrub register: a knee-high silver-green scrubland under a low, fog-softened sun that never rises or sets — the last ten minutes of a sunset that never ends; silver-green fuzz banding grey darkward and waxy gold sunward, everything leaning the same way in a wind that never stops; no rain and nothing rain-slicked; realistic painted natural-history illustration, grounded believable anatomy, matte surface texture, never cartoonish, never cute, no outlines, alien but biologically plausible; owner law verbatim: ""Your color palette is too uniform per biome. Needs more variety."" — this subject's palette anchor is DUSKY OLIVE over a DARK HEART: grey-olive foliage over near-black knotted wood and exposed root-flare, the den mouth a readable shadow at the base; fire-resistant living flora, nothing dry or brittle; drawSize ~1.2, Graphic_Random master",70,transparent,codex,
RM_Cruststar,LEANINGSCRUB_BEDAZZLE_SITTING_1,"RimWorld game plant sprite: cruststar, a hand-span star-shaped lichen pressed dead flat against root-bound crust ground — a chalk-pale rosette of lobed arms with a thin waxy-gold fruiting rim, utterly flat, the one plant the wind cannot lean because it has no height at all. Single plant, viewed from nearly straight above, centered, the faintest shadow, no background scenery.",256,256,,,"leaning scrub register: a knee-high silver-green scrubland under a low, fog-softened sun that never rises or sets — the last ten minutes of a sunset that never ends; silver-green fuzz banding grey darkward and waxy gold sunward, everything leaning the same way in a wind that never stops; no rain and nothing rain-slicked; realistic painted natural-history illustration, grounded believable anatomy, matte surface texture, never cartoonish, never cute, no outlines, alien but biologically plausible; owner law verbatim: ""Your color palette is too uniform per biome. Needs more variety."" — this subject's palette anchor is LICHEN-WHITE with a GOLD RIM: chalk-pale body, thin waxy-gold rim where it fruits; fire-resistant living flora; drawSize ~0.6, Graphic_Random master; grazed by crustweevils — a pasture the size of a plate",70,transparent,codex,
RM_VenomvineThicket_v2,LEANINGSCRUB_BEDAZZLE_SITTING_1,"RimWorld game plant sprite: a venomvine thicket, the fortress flora of a windswept knee-high scrubland — a STANDING WALL of woven near-black canes rising past man-height, ranks of recurved bone-pale thorns, too dense to cut, with one narrow dark threading-gap readable low where only something small could slip in. The only tall plant in its world, leaning slightly with the wind, reading as a near-black island of menace over silver scrub. Single plant, slight isometric game angle, centered, soft shadow only, no background scenery.",256,256,,,"leaning scrub register: a knee-high silver-green scrubland under a low, fog-softened sun that never rises or sets — the last ten minutes of a sunset that never ends; silver-green fuzz banding grey darkward and waxy gold sunward, everything leaning the same way in a wind that never stops; no rain and nothing rain-slicked; realistic painted natural-history illustration, grounded believable anatomy, matte surface texture, never cartoonish, never cute, no outlines, alien but biologically plausible; owner law verbatim: ""Your color palette is too uniform per biome. Needs more variety."" — the venomvine family is this cast's SHOWPIECE (owner verbatim: the art should be especially rich, varied, interesting — its the strange showpiece here); family register: near-black woven canes, bone-pale recurved thorns, standing MAN-HEIGHT OR MORE (never a ground mat — the frozen sheet rules it the only tall vegetation in the biome), leaning sunward like everything else; each form carries its own distinct accent; this form is the BASE: anchor NEAR-BLACK ISLAND — blackened green-umber canes, bone-pale thorn tips, the darkest mass in the biome; replaces the retired ankle-high mat read of rmvenomvine_v1 (that render is the Long Shade ground vine, a different plant); drawSize ~2.2, Graphic_Random master",70,transparent,codex,
RM_DrippingVenomvine,LEANINGSCRUB_BEDAZZLE_SITTING_1,"RimWorld game plant sprite: a dripping venomvine stand — the man-height near-black thorn thicket of a windswept scrubland, overproducing its own venom: translucent amber-gold beads hanging in strings along the undersides of every cane, a faint dark stain on the ground beneath. Rich, jeweled, and obviously dangerous to work under. Single plant, slight isometric game angle, centered, soft shadow only, no background scenery.",256,256,,,"leaning scrub register: a knee-high silver-green scrubland under a low, fog-softened sun that never rises or sets — the last ten minutes of a sunset that never ends; silver-green fuzz banding grey darkward and waxy gold sunward, everything leaning the same way in a wind that never stops; no rain and nothing rain-slicked; realistic painted natural-history illustration, grounded believable anatomy, matte surface texture, never cartoonish, never cute, no outlines, alien but biologically plausible; owner law verbatim: ""Your color palette is too uniform per biome. Needs more variety."" — the venomvine family is this cast's SHOWPIECE (owner verbatim: the art should be especially rich, varied, interesting — its the strange showpiece here); family register: near-black woven canes, bone-pale recurved thorns, standing MAN-HEIGHT OR MORE (never a ground mat — the frozen sheet rules it the only tall vegetation in the biome), leaning sunward like everything else; each form carries its own distinct accent; this form's accent is AMBER ON BLACK: the family near-black plus the cast's one jewel note, lit translucent amber venom beads; the harvest economy rides the build ticket — the art only shows a plant that sweats poison; drawSize ~2.2",70,transparent,codex,
RM_TwitcherVenomvine,LEANINGSCRUB_BEDAZZLE_SITTING_1,"RimWorld game plant sprite: a twitcher venomvine stand — the man-height near-black thorn thicket of a windswept scrubland with ONE long lash-cane held cocked in a drawn-back arc above the mass, visibly tensed like a whip mid-backswing, while the surrounding canes hang slack. The plant strikes once, then droops spent for an hour. Single plant, slight isometric game angle, centered, soft shadow only, no background scenery.",256,256,,,"leaning scrub register: a knee-high silver-green scrubland under a low, fog-softened sun that never rises or sets — the last ten minutes of a sunset that never ends; silver-green fuzz banding grey darkward and waxy gold sunward, everything leaning the same way in a wind that never stops; no rain and nothing rain-slicked; realistic painted natural-history illustration, grounded believable anatomy, matte surface texture, never cartoonish, never cute, no outlines, alien but biologically plausible; owner law verbatim: ""Your color palette is too uniform per biome. Needs more variety."" — the venomvine family is this cast's SHOWPIECE (owner verbatim: the art should be especially rich, varied, interesting — its the strange showpiece here); family register: near-black woven canes, bone-pale recurved thorns, standing MAN-HEIGHT OR MORE (never a ground mat — the frozen sheet rules it the only tall vegetation in the biome), leaning sunward like everything else; each form carries its own distinct accent; this form's accent is a GREY-GREEN FLUSH: near-black body but the cocked lash-cane flushed a live grey-green along its whole length — the working muscle, the one green note in the family; the recovery-droop state is a later derive of this master, not part of this job; drawSize ~2.2",70,transparent,codex,
RM_HollowVenomvine,LEANINGSCRUB_BEDAZZLE_SITTING_1,"RimWorld game plant sprite: a hollow venomvine stand — an ancient thorn thicket of a windswept scrubland that died from the inside and stands anyway: a cluster of open weathered grey cane-tubes at man height, dark gallery mouths readable at the base where small animals thread them like streets, thorns worn blunt with age. Architecture grown, not built. Single plant, slight isometric game angle, centered, soft shadow only, no background scenery.",256,256,,,"leaning scrub register: a knee-high silver-green scrubland under a low, fog-softened sun that never rises or sets — the last ten minutes of a sunset that never ends; silver-green fuzz banding grey darkward and waxy gold sunward, everything leaning the same way in a wind that never stops; no rain and nothing rain-slicked; realistic painted natural-history illustration, grounded believable anatomy, matte surface texture, never cartoonish, never cute, no outlines, alien but biologically plausible; owner law verbatim: ""Your color palette is too uniform per biome. Needs more variety."" — the venomvine family is this cast's SHOWPIECE (owner verbatim: the art should be especially rich, varied, interesting — its the strange showpiece here); family register: near-black woven canes, bone-pale recurved thorns, standing MAN-HEIGHT OR MORE (never a ground mat — the frozen sheet rules it the only tall vegetation in the biome), leaning sunward like everything else; each form carries its own distinct accent; this form's accent is DRIFTWOOD-GREY: the family's near-black weathered out to silvered grey, the palest form — age made visible; the crawl-through gate mechanics ride the build ticket; drawSize ~2.2",70,transparent,codex,
RM_CrownVenomvine,LEANINGSCRUB_BEDAZZLE_SITTING_1,"RimWorld game plant sprite: a crown venomvine — the rarest form of the near-black thorn thicket of a windswept scrubland: the whole stand drawn up into a single leaning column well past man height, crowned at the top with a burst of pale luminous violet flowers, the only flower its world owns. A landmark visible for a day's walk, equal parts beautiful and forbidding. Single plant, slight isometric game angle, centered, soft shadow only, no background scenery.",512,512,,,"leaning scrub register: a knee-high silver-green scrubland under a low, fog-softened sun that never rises or sets — the last ten minutes of a sunset that never ends; silver-green fuzz banding grey darkward and waxy gold sunward, everything leaning the same way in a wind that never stops; no rain and nothing rain-slicked; realistic painted natural-history illustration, grounded believable anatomy, matte surface texture, never cartoonish, never cute, no outlines, alien but biologically plausible; owner law verbatim: ""Your color palette is too uniform per biome. Needs more variety."" — the venomvine family is this cast's SHOWPIECE (owner verbatim: the art should be especially rich, varied, interesting — its the strange showpiece here); family register: near-black woven canes, bone-pale recurved thorns, standing MAN-HEIGHT OR MORE (never a ground mat — the frozen sheet rules it the only tall vegetation in the biome), leaning sunward like everything else; each form carries its own distinct accent; this form's accent is VIOLET ON BLACK: the family near-black carrying the biome's single flower colour, pale luminous violet — nothing else in the cast may use it; landmark showpiece rendered at 512 so it carries at map zoom; drawSize ~3.5",70,transparent,codex,landmark showpiece: man-height-plus flowering column must carry at map zoom like the sweetline trees
rsw_shrublandgiant_v1,LEANINGSCRUB_BEDAZZLE_SITTING_1,"RimWorld game creature sprite: the thunderstep, the huge grazing giant of a windswept knee-high scrubland — a walking hill: a vast dun-and-slate grazer on four pillar legs, deep-slung belly, a long muscular neck carrying the head high above the scrub (the only raised head on the whole plain), sheets of shaggy wool snagging and trailing along the flanks, posture mid-graze and utterly indifferent. It is not a threat; it is terrain that eats. No nameable Earth elephant, sauropod-fantasy or bison read, and no reptilian war-beast read.",512,512,,"south,east,north","leaning scrub register: a knee-high silver-green scrubland under a low, fog-softened sun that never rises or sets — the last ten minutes of a sunset that never ends; silver-green fuzz banding grey darkward and waxy gold sunward, everything leaning the same way in a wind that never stops; no rain and nothing rain-slicked; realistic painted natural-history illustration, grounded believable anatomy, matte surface texture, never cartoonish, never cute, no outlines, alien but biologically plausible; owner law verbatim: ""Your color palette is too uniform per biome. Needs more variety."" — this subject's palette anchor is WALKING HILL: dun hide over a slate shadow mass, one flank lit warm by the low gold light (the frozen sheet's own image: giants as walking hills with lit flanks), wool in paler dusty hanks; deliberately distinct from the rest of the cast; OWNERSHIP REGEN of RSW_ShrublandGiant, today a Fambaa donor reskin — keep the silhouette ROLE (huge quadruped grazer, bs 6.0) and replace the animal with our own; drawSize ~7.0; rendered 512 so the scale carries in the pixels; north facing is a true rear view seen from directly behind: no eyes, no face, no mouth or frontal features visible, only the vast plated-wool back, haunches and pillar hind legs from behind",70,transparent,codex,"colossus precedent: bs 6.0 giant, drawSize ~7.0, scale must carry in the pixels"
rsw_tunnelsnake_v1,LEANINGSCRUB_BEDAZZLE_SITTING_1,"RimWorld game creature sprite: the yanker, the corridor predator of the tunnel-runs under a knee-high canopy — a long, thick, muscular tube of an animal shaped exactly like the corridors it hunts, a blunt armored ram of a head with recessed eyes, a mouth built to take prey head-on in a space with no sideways, body in a low travelling S-curve hugging the ground. No nameable Earth snake, and no cobra hood or viper head read.",256,256,,"south,east,north","leaning scrub register: a knee-high silver-green scrubland under a low, fog-softened sun that never rises or sets — the last ten minutes of a sunset that never ends; silver-green fuzz banding grey darkward and waxy gold sunward, everything leaning the same way in a wind that never stops; no rain and nothing rain-slicked; realistic painted natural-history illustration, grounded believable anatomy, matte surface texture, never cartoonish, never cute, no outlines, alien but biologically plausible; owner law verbatim: ""Your color palette is too uniform per biome. Needs more variety."" — this subject's palette anchor is CORRIDOR-DARK: deep earth-umber above shading to root-black along the flanks, a pale gullet the only light on it; deliberately distinct from the rest of the cast; OWNERSHIP REGEN of RSW_TunnelSnake (ruled name: yanker), today a Klorslug donor reskin — keep the silhouette ROLE (elongate tunnel serpent) and replace the animal with our own; bs~1.0 class, drawSize ~1.8; north facing is a true rear view seen from directly behind: no eyes, no face, no mouth or frontal features visible, only the armored back of the head and the long S-curved body from behind",70,transparent,codex,
rsw_scrapnestbird_v1,LEANINGSCRUB_BEDAZZLE_SITTING_1,"RimWorld game creature sprite: the scrap-nest bird, the scavenger bird-analog of the venomvine stands of a windswept scrubland — a wiry, quick, longer-necked diving bird with clever strong feet made for threading thorn galleries and carrying salvage, wings mid-fold from a landing, head cocked at something that glitters. It lines its nest with wire, lens-glass and chips of hull. No nameable Earth magpie, crow or heron read.",256,256,,"south,east,north","leaning scrub register: a knee-high silver-green scrubland under a low, fog-softened sun that never rises or sets — the last ten minutes of a sunset that never ends; silver-green fuzz banding grey darkward and waxy gold sunward, everything leaning the same way in a wind that never stops; no rain and nothing rain-slicked; realistic painted natural-history illustration, grounded believable anatomy, matte surface texture, never cartoonish, never cute, no outlines, alien but biologically plausible; owner law verbatim: ""Your color palette is too uniform per biome. Needs more variety."" — this subject's palette anchor is SOOT-AND-GLITTER: dark soot plumage with an oil-slick iridescent glint at the throat and wing-edge — a thing that loves shine, painted in it; deliberately distinct from the rest of the cast; OWNERSHIP REGEN of RSW_ScrapNestBird, which today shares the canon Whisperbird's donor image with RSW_Whisperbird — this render finally splits the two species; keep the silhouette ROLE (medium bird-analog), replace the animal with our own; bs~0.6, drawSize ~1.3; north facing is a true rear view seen from directly behind: no eyes, no face, no mouth or frontal features visible, only the folded dark wings, back and strong legs from behind",70,transparent,codex,
rsw_blurrg_v1,LEANINGSCRUB_BEDAZZLE_SITTING_1,"RimWorld game creature sprite: the Star Wars canon Blurrg — a heavy bipedal reptilian beast of burden and mount: two massive columnar hind legs and no functional forelimbs, an enormous rounded body sloping back to a thick tapered tail, a broad blunt head that is mostly a wide frog-like mouth, small eyes set high, carried low on a short heavy neck. Posture standing square and placid, a broken-in work animal. Canon appearance (The Mandalorian) outranks invention.",256,256,,"south,east,north","leaning scrub register: a knee-high silver-green scrubland under a low, fog-softened sun that never rises or sets — the last ten minutes of a sunset that never ends; silver-green fuzz banding grey darkward and waxy gold sunward, everything leaning the same way in a wind that never stops; no rain and nothing rain-slicked; realistic painted natural-history illustration, grounded believable anatomy, matte surface texture, never cartoonish, never cute, no outlines, alien but biologically plausible; owner law verbatim: ""Your color palette is too uniform per biome. Needs more variety."" — canon subject — canon appearance is the acceptance target and a canon_references entry is design-owed; judge this render against that entry once written; palette per canon: mottled tan and grey-brown leathery hide, paler belly, darker mottling across the back — the diversity law is satisfied by canon itself, nothing else in this cast is tan leather on two legs; TAMED-ONLY mount for the Leaning Scrub (never wild — frozen ban 4 threaded as written), bs 2.5, drawSize ~2.4; north facing is a true rear view seen from directly behind: no eyes, no face, no mouth or frontal features visible, only the great haunches, rounded back and tail root from behind",70,transparent,codex,
