id,rimflow_item_id,prompt,canvas_w,canvas_h,reference,facings,style_notes,priority,background,channel,oversize_reason,drawsize
RM_WardenMother,MIASMA_WARDEN_MOTHER_ART_1,"RimWorld animal sprite: an enormous sea elder too old for the open sea, a broad low shell-backed body crusted with barnacles and weed, heavy flippered limbs, a slow wise head low to the water, half-submerged look, streaming brine.",512,512,,"south,east,north","the miasma register: a mangal forest on stilt-roots in brackish channels under a green-gold haze that never lifts; salt-white crust, barnacle grey, rainbow blooms, wet mud-black silt; alien, never Earth-like; painterly RimWorld game-art style, top-down three-quarter view",,,,bs 8 giant,
RM_WardenMother_Aged,MIASMA_WARDEN_MOTHER_ART_1,"RimWorld animal sprite: the same enormous barnacled sea elder in her last season, shell plates cracked and flaking, barnacles dead and white, limbs thin, eyes clouded; plainly near death of age.",512,512,,"south,east,north","the miasma register: a mangal forest on stilt-roots in brackish channels under a green-gold haze that never lifts; salt-white crust, barnacle grey, rainbow blooms, wet mud-black silt; alien, never Earth-like; painterly RimWorld game-art style, top-down three-quarter view",,,,"bs 8 giant, aged variant",
RM_Bozzuga,MIASMA_AMBUSH_FROG_REMAKE_1,"RimWorld animal sprite: a giant squat ambush frog of an alien kind, wide flat head that is mostly mouth, mottled mud-black and salt-white warty hide, short powerful legs, crouched low in wait",256,256,,"south,east,north","the miasma register: a mangal forest on stilt-roots in brackish channels under a green-gold haze that never lifts; salt-white crust, barnacle grey, rainbow blooms, wet mud-black silt; alien, never Earth-like; painterly RimWorld game-art style, top-down three-quarter view",,,,,
RM_Attar,MIASMA_ATTAR_STILL_1,"RimWorld item sprite: a small stoppered glass vial of thick golden oil with a rainbow sheen, a wax seal and a scrap-cloth wrap; precious.",128,128,,,"the miasma register: a mangal forest on stilt-roots in brackish channels under a green-gold haze that never lifts; salt-white crust, barnacle grey, rainbow blooms, wet mud-black silt; alien, never Earth-like; painterly RimWorld game-art style, top-down three-quarter view",,,,,
RM_AttarStill,MIASMA_ATTAR_STILL_1,"RimWorld building sprite: a makeshift Jawa salvage still, a copper retort over a small burner, coiled tubing dripping golden oil into a vial, a tray of black silt and white salt beside it.",256,256,,,"the miasma register: a mangal forest on stilt-roots in brackish channels under a green-gold haze that never lifts; salt-white crust, barnacle grey, rainbow blooms, wet mud-black silt; alien, never Earth-like; painterly RimWorld game-art style, top-down three-quarter view",,,,,
RM_FlotsamDrift,MIASMA_FLOTSAM_YARD_1,"RimWorld item sprite: a tangle of river-borne flotsam caught in mangal roots: a dented panel, waterlogged cloth, a cracked crate, driftwood, salt-crusted.",128,128,,,"the miasma register: a mangal forest on stilt-roots in brackish channels under a green-gold haze that never lifts; salt-white crust, barnacle grey, rainbow blooms, wet mud-black silt; alien, never Earth-like; painterly RimWorld game-art style, top-down three-quarter view",,,,,
RM_DecayCell,MIASMA_DECAY_CELLS_1,"RimWorld building sprite: a low trough bed of black loam and white salt crust lined with cracked ceramic plates, scrap electrodes pushed into rotting matter, a salvaged meter on a post with a lit needle, cables leading away.",256,256,,,"the miasma register: a mangal forest on stilt-roots in brackish channels under a green-gold haze that never lifts; salt-white crust, barnacle grey, rainbow blooms, wet mud-black silt; alien, never Earth-like; painterly RimWorld game-art style, top-down three-quarter view",,,,,
RM_DecayCell_Spent,MIASMA_DECAY_CELLS_1,"RimWorld building sprite: the same loam trough gone over to rot, the electrodes dark, pale fungus and soft mould rising from the bed, a damp fruiting sheen.",256,256,,,"the miasma register: a mangal forest on stilt-roots in brackish channels under a green-gold haze that never lifts; salt-white crust, barnacle grey, rainbow blooms, wet mud-black silt; alien, never Earth-like; painterly RimWorld game-art style, top-down three-quarter view",,,,,
RSW_RotBedYield,MIASMA_ROTTING_BED_CUISINE_1,"RimWorld item sprite: a small pile of pale, fleshy rot-grown fungus caps and a spongy culture, glistening; edible, odd, unappetising",128,128,,,"the miasma register: a mangal forest on stilt-roots in brackish channels under a green-gold haze that never lifts; salt-white crust, barnacle grey, rainbow blooms, wet mud-black silt; alien, never Earth-like; painterly RimWorld game-art style, top-down three-quarter view",,,,,
RUT_ReclaimerMachine,MIASMA_RECALL_WRITTEN_OFF_RITE_1,"RimWorld mechanoid sprite: an old salvage machine of a forgotten operation, a squat many-armed hauler with cutting claws and a scrap hopper on its back, condemnation stamps on rusted plating.",256,256,,"south,east,north","the miasma register: a mangal forest on stilt-roots in brackish channels under a green-gold haze that never lifts; salt-white crust, barnacle grey, rainbow blooms, wet mud-black silt; alien, never Earth-like; painterly RimWorld game-art style, top-down three-quarter view",,,,,
RUT_DisposalOrder,MIASMA_RECALL_WRITTEN_OFF_RITE_1,"RimWorld item sprite: a corroded metal plate stamped with rows of condemnation stamps, one line struck through by hand.",128,128,,,"the miasma register: a mangal forest on stilt-roots in brackish channels under a green-gold haze that never lifts; salt-white crust, barnacle grey, rainbow blooms, wet mud-black silt; alien, never Earth-like; painterly RimWorld game-art style, top-down three-quarter view",,,,,
