id,rimflow_item_id,prompt,canvas_w,canvas_h,reference,facings,style_notes,priority,background,channel,oversize_reason,drawsize
RM_Vozzik,STILLSAND_BEDAZZLE_CONTENT_1,"RimWorld game animal sprite: the vozzik, a massive barely-moving grazing slug of the open desert — a long low armoured mantle of overlapping sun-bleached plates over a soft dark foot that hugs the sand, a blunt rasping head with two short sensory stalks, a faint glassy sheen of dried mucus along its trail edge. It has been going for a very long time. Familiar gastropod architecture but no nameable Earth slug or snail.",512,512,,"south,east,north","stillsand register: the deep desert under a fixed white sun that never sets: bleached bone, pale gold and old-ivory sand, hard-edged black shade with no penumbra; light the subject with one hard white key from high front-top and crisp dark undersides, but bake NO cast shadow onto the ground (the engine draws shadows along the pinned sun); no rain, nothing wet-slicked, no lush green; painterly vanilla-RimWorld art style, grounded believable anatomy and materials, matte, never cartoonish, never cute, no outlines; owner law verbatim: ""Your color palette is too uniform per biome. Needs more variety."" — this subject's palette anchor is CHALK AND SLATE: chalk-white mantle plates with slate-grey seams and a dusky blue-grey foot; bs~5.0, drawSize ~5.0; familiar body architecture but never a nameable Earth animal; slow grazer, posed mid-glide; north facing is a true rear view seen from directly behind: no eyes, no face, no mouth or frontal features visible, only the domed plated mantle and the tapering foot from behind",60,transparent,codex,,5.0
RM_Vekka,STILLSAND_BEDAZZLE_CONTENT_1,"RimWorld game animal sprite: the vekka, a heavy deep-desert ambush predator built to work its whole body down into loose sand — low powerful shoulders, broad digging forepaws with hooked claws, a flattened wedge skull with eyes set high, short dense pelt, caught half-surfaced with sand streaming off its back, claws-first. Familiar big-predator architecture but no nameable Earth cat, lion or hyena.",256,256,,"south,east,north","stillsand register: the deep desert under a fixed white sun that never sets: bleached bone, pale gold and old-ivory sand, hard-edged black shade with no penumbra; light the subject with one hard white key from high front-top and crisp dark undersides, but bake NO cast shadow onto the ground (the engine draws shadows along the pinned sun); no rain, nothing wet-slicked, no lush green; painterly vanilla-RimWorld art style, grounded believable anatomy and materials, matte, never cartoonish, never cute, no outlines; owner law verbatim: ""Your color palette is too uniform per biome. Needs more variety."" — this subject's palette anchor is BURNT SIENNA: burnt-sienna pelt with dun belly and darker sienna saddle, amber eyes; bs~2.0, drawSize ~2.2; sand-swimmer that strikes from under, never a pursuit runner; familiar body architecture but never a nameable Earth animal;; north facing is a true rear view seen from directly behind: no eyes, no face, no mouth or frontal features visible, only the low shoulders, saddle and short tail from behind, sand spilling off",60,transparent,codex,,2.2
RM_Drazzik,STILLSAND_BEDAZZLE_CONTENT_1,"RimWorld game animal sprite: the drazzik, a pale patient sand-lurker that hums a false 'wounded animal' vibration through the ground — a broad flat body with a resonating throat-plate under the jaw, a hooked beak, four splayed digging limbs and a short clubbed tail, caught just surfacing from the sand. Familiar reptile-bird architecture but no nameable Earth lizard, turtle or bird.",256,256,,"south,east,north","stillsand register: the deep desert under a fixed white sun that never sets: bleached bone, pale gold and old-ivory sand, hard-edged black shade with no penumbra; light the subject with one hard white key from high front-top and crisp dark undersides, but bake NO cast shadow onto the ground (the engine draws shadows along the pinned sun); no rain, nothing wet-slicked, no lush green; painterly vanilla-RimWorld art style, grounded believable anatomy and materials, matte, never cartoonish, never cute, no outlines; owner law verbatim: ""Your color palette is too uniform per biome. Needs more variety."" — this subject's palette anchor is PALLID LILAC: pallid lilac-grey hide with a bone-white throat-plate and a dark beak; bs~2.2, drawSize ~2.4; ambusher that lies still under sand, never a pursuer; familiar body architecture but never a nameable Earth animal;; north facing is a true rear view seen from directly behind: no eyes, no face, no mouth or frontal features visible, only the flat back, splayed limbs and clubbed tail from behind",60,transparent,codex,,2.4
RM_Nizzek,STILLSAND_BEDAZZLE_CONTENT_1,"RimWorld game animal sprite: the nizzek, a drazzik newborn — small, wet from the shell and already hostile, oversized hooked beak and claws, a stubby flat body, fragments of eggshell still stuck to it. Familiar hatchling architecture but no nameable Earth chick or lizard.",256,256,,"south,east,north","stillsand register: the deep desert under a fixed white sun that never sets: bleached bone, pale gold and old-ivory sand, hard-edged black shade with no penumbra; light the subject with one hard white key from high front-top and crisp dark undersides, but bake NO cast shadow onto the ground (the engine draws shadows along the pinned sun); no rain, nothing wet-slicked, no lush green; painterly vanilla-RimWorld art style, grounded believable anatomy and materials, matte, never cartoonish, never cute, no outlines; owner law verbatim: ""Your color palette is too uniform per biome. Needs more variety."" — this subject's palette anchor is RAW PINK-GREY: raw pinkish-grey skin with the lilac of its parent just showing and a pale beak; bs~0.2, drawSize ~0.7; familiar body architecture but never a nameable Earth animal;; north facing is a true rear view seen from directly behind: no eyes, no face, no mouth or frontal features visible, only the stubby back and shell fragments from behind",55,transparent,codex,,0.7
RM_Guzzka,STILLSAND_BEDAZZLE_CONTENT_1,"RimWorld game animal sprite: the guzzka, a huge shaggy cavern beast that never leaves the deepest shade — a massive hunched body under a matted coat caked pale with mineral dust so it reads like a drift of bleached fur-covered stone, thick forelimbs, a low heavy head with small deep-set eyes. Familiar great-beast architecture but no nameable Earth bear, sloth or ape.",512,512,,"south,east,north","stillsand register: the deep desert under a fixed white sun that never sets: bleached bone, pale gold and old-ivory sand, hard-edged black shade with no penumbra; light the subject with one hard white key from high front-top and crisp dark undersides, but bake NO cast shadow onto the ground (the engine draws shadows along the pinned sun); no rain, nothing wet-slicked, no lush green; painterly vanilla-RimWorld art style, grounded believable anatomy and materials, matte, never cartoonish, never cute, no outlines; owner law verbatim: ""Your color palette is too uniform per biome. Needs more variety."" — this subject's palette anchor is MINERAL SALT: salt-white and pale ochre crusted fur over a deep umber undercoat, faint rust mineral streaks; bs~5.5, drawSize ~5.0; lives in cave shade, guards its egg clutch; familiar body architecture but never a nameable Earth animal;; north facing is a true rear view seen from directly behind: no eyes, no face, no mouth or frontal features visible, only the hunched crusted back and haunches from behind",65,transparent,codex,,5.0
RM_Aurrok,STILLSAND_BEDAZZLE_CONTENT_1,"RimWorld game animal sprite: the aurrok, a heavy-bodied placid grazer with a tall upright sail of thick dark tissue along its plated spine that soaks heat off the sand like a solar collector — a walking mountain, broad flat feet, a low long head. Familiar sail-backed grazer architecture but no nameable Earth dinosaur or lizard. Drawn fresh as our own animal, not a retexture of any existing sprite.",512,512,,"south,east,north","stillsand register: the deep desert under a fixed white sun that never sets: bleached bone, pale gold and old-ivory sand, hard-edged black shade with no penumbra; light the subject with one hard white key from high front-top and crisp dark undersides, but bake NO cast shadow onto the ground (the engine draws shadows along the pinned sun); no rain, nothing wet-slicked, no lush green; painterly vanilla-RimWorld art style, grounded believable anatomy and materials, matte, never cartoonish, never cute, no outlines; owner law verbatim: ""Your color palette is too uniform per biome. Needs more variety."" — this subject's palette anchor is SAIL INDIGO: a deep heat-soaking indigo-black sail over a sandy buff body with rust spine plates; bs~4.0, drawSize ~4.2; familiar body architecture but never a nameable Earth animal;; north facing is a true rear view seen from directly behind: no eyes, no face, no mouth or frontal features visible, only the sail and plated spine from directly behind",60,transparent,codex,,4.2
RM_Biosilica,STILLSAND_BEDAZZLE_CONTENT_1,"RimWorld game item icon: biosilica — a small handful of clear, slightly irregular glassy lenses cut from a light-pipe nub, real grown optics, each lens catching one bright highlight, lying in a loose cluster. Top-down item sprite, no ground.",256,256,,,"stillsand register: the deep desert under a fixed white sun that never sets: bleached bone, pale gold and old-ivory sand, hard-edged black shade with no penumbra; light the subject with one hard white key from high front-top and crisp dark undersides, but bake NO cast shadow onto the ground (the engine draws shadows along the pinned sun); no rain, nothing wet-slicked, no lush green; painterly vanilla-RimWorld art style, grounded believable anatomy and materials, matte, never cartoonish, never cute, no outlines; owner law verbatim: ""Your color palette is too uniform per biome. Needs more variety."" — this subject's palette anchor is WATER-CLEAR: water-clear glass with faint pale-cyan edges and bright white highlights; small resource stack icon; must read as clear optical glass at 64px",55,transparent,codex,,1.0
RM_Muurrok,STILLSAND_EVENT_CREATURES_1,"RimWorld game animal sprite: the muurrok, a giant sub-sand swimmer caught fully surfaced — a long streamlined armoured body built for moving through sand, a low wedge head with a slit mouth, short paddle limbs folded close, and along its spine one enormous polished MIRROR CREST, a curved reflective blade-fin that throws the sun; the crest is the only part ever seen above the sand when it cruises. Familiar leviathan architecture but no nameable Earth shark, whale or dinosaur.",1024,1024,,"south,east,north","stillsand register: the deep desert under a fixed white sun that never sets: bleached bone, pale gold and old-ivory sand, hard-edged black shade with no penumbra; light the subject with one hard white key from high front-top and crisp dark undersides, but bake NO cast shadow onto the ground (the engine draws shadows along the pinned sun); no rain, nothing wet-slicked, no lush green; painterly vanilla-RimWorld art style, grounded believable anatomy and materials, matte, never cartoonish, never cute, no outlines; owner law verbatim: ""Your color palette is too uniform per biome. Needs more variety."" — this subject's palette anchor is MIRROR AND OXBLOOD: a polished silver-white mirror crest over a dark oxblood-brown armoured body with pale sand-scoured belly plates; bs~14, drawSize ~10; giant event creature, incident only; its ranged attack is a reflected-sun beam off the crest, so the crest must read as a true mirror; familiar body architecture but never a nameable Earth animal;; north facing is a true rear view seen from directly behind: no eyes, no face, no mouth or frontal features visible, only the mirror crest edge-on and the tapering armoured tail from behind",75,transparent,codex,giant drawSize ~10 needs 1024 (drawSize x 128 rule),10.0
RM_CrestPlate,STILLSAND_EVENT_CREATURES_1,"RimWorld game item icon: muurrok crest-plate — a stack of curved, polished mirror-bright plates cut from a sand leviathan's crest, each reflecting a hard white sky, edges rough where they were cut from the hide. Top-down item sprite, no ground.",256,256,,,"stillsand register: the deep desert under a fixed white sun that never sets: bleached bone, pale gold and old-ivory sand, hard-edged black shade with no penumbra; light the subject with one hard white key from high front-top and crisp dark undersides, but bake NO cast shadow onto the ground (the engine draws shadows along the pinned sun); no rain, nothing wet-slicked, no lush green; painterly vanilla-RimWorld art style, grounded believable anatomy and materials, matte, never cartoonish, never cute, no outlines; owner law verbatim: ""Your color palette is too uniform per biome. Needs more variety."" — this subject's palette anchor is POLISHED SILVER: polished silver mirror faces with oxblood-brown cut edges; resource stack icon; the mirror faces must read at 64px",55,transparent,codex,,1.0
RSW_KraytHorn,STILLSAND_EVENT_CREATURES_1,"RimWorld game item icon: a krayt horn — a long curved hollow horn cut from a krayt dragon, its wide end flared, a carved mouthpiece and a braided hide grip, ritual scratch-marks along its length. A Tatooine desert instrument. Top-down item sprite, no ground.",256,256,,,"stillsand register: the deep desert under a fixed white sun that never sets: bleached bone, pale gold and old-ivory sand, hard-edged black shade with no penumbra; light the subject with one hard white key from high front-top and crisp dark undersides, but bake NO cast shadow onto the ground (the engine draws shadows along the pinned sun); no rain, nothing wet-slicked, no lush green; painterly vanilla-RimWorld art style, grounded believable anatomy and materials, matte, never cartoonish, never cute, no outlines; owner law verbatim: ""Your color palette is too uniform per biome. Needs more variety."" — this subject's palette anchor is OLD IVORY: weathered old-ivory horn with dark hide wrapping and umber grip; instrument item icon; Star Wars Tatooine flavour, matte",55,transparent,codex,,1.0
RM_GlassSand,STILLSAND_GLASS_LENS_CHAIN_1,"RimWorld game item icon: glass sand — a heap of extremely fine, pale, almost powder-white desert sand with a faint glitter, piled in a soft cone. Top-down item sprite, no ground.",256,256,,,"stillsand register: the deep desert under a fixed white sun that never sets: bleached bone, pale gold and old-ivory sand, hard-edged black shade with no penumbra; light the subject with one hard white key from high front-top and crisp dark undersides, but bake NO cast shadow onto the ground (the engine draws shadows along the pinned sun); no rain, nothing wet-slicked, no lush green; painterly vanilla-RimWorld art style, grounded believable anatomy and materials, matte, never cartoonish, never cute, no outlines; owner law verbatim: ""Your color palette is too uniform per biome. Needs more variety."" — this subject's palette anchor is IVORY POWDER: ivory-white powder with a faint gold glitter; bulk resource stack icon",50,transparent,codex,,1.0
RM_LensSand,STILLSAND_GLASS_LENS_CHAIN_1,"RimWorld game item icon: lens sand — a small neat heap of the very finest sieved sand, so fine and pure it looks like spilled sugar with a cold crystalline sparkle, clearly finer and whiter than ordinary sand. Top-down item sprite, no ground.",256,256,,,"stillsand register: the deep desert under a fixed white sun that never sets: bleached bone, pale gold and old-ivory sand, hard-edged black shade with no penumbra; light the subject with one hard white key from high front-top and crisp dark undersides, but bake NO cast shadow onto the ground (the engine draws shadows along the pinned sun); no rain, nothing wet-slicked, no lush green; painterly vanilla-RimWorld art style, grounded believable anatomy and materials, matte, never cartoonish, never cute, no outlines; owner law verbatim: ""Your color palette is too uniform per biome. Needs more variety."" — this subject's palette anchor is SUGAR WHITE: pure sugar-white with cold blue-white sparkle; refined resource stack icon; must read whiter and finer than glass sand",50,transparent,codex,,1.0
RM_SunGlass,STILLSAND_GLASS_LENS_CHAIN_1,"RimWorld game item icon: sun glass — a small stack of thick, clear, faintly gold-tinted glass slabs, bubble-free, smelted from desert sand by focused sunlight, edges softly rounded from the melt. Top-down item sprite, no ground.",256,256,,,"stillsand register: the deep desert under a fixed white sun that never sets: bleached bone, pale gold and old-ivory sand, hard-edged black shade with no penumbra; light the subject with one hard white key from high front-top and crisp dark undersides, but bake NO cast shadow onto the ground (the engine draws shadows along the pinned sun); no rain, nothing wet-slicked, no lush green; painterly vanilla-RimWorld art style, grounded believable anatomy and materials, matte, never cartoonish, never cute, no outlines; owner law verbatim: ""Your color palette is too uniform per biome. Needs more variety."" — this subject's palette anchor is PALE HONEY GLASS: clear pale-honey glass with bright white edge highlights; stuff stack icon; it tints things built from it, so keep it light and clear",55,transparent,codex,,1.0
RM_PrecisionLens,STILLSAND_GLASS_LENS_CHAIN_1,"RimWorld game item icon: a precision lens — a single ground and polished convex glass lens in a thin brass-coloured rim, perfectly clear, a sharp bright highlight across its curve. Top-down item sprite, no ground.",256,256,,,"stillsand register: the deep desert under a fixed white sun that never sets: bleached bone, pale gold and old-ivory sand, hard-edged black shade with no penumbra; light the subject with one hard white key from high front-top and crisp dark undersides, but bake NO cast shadow onto the ground (the engine draws shadows along the pinned sun); no rain, nothing wet-slicked, no lush green; painterly vanilla-RimWorld art style, grounded believable anatomy and materials, matte, never cartoonish, never cute, no outlines; owner law verbatim: ""Your color palette is too uniform per biome. Needs more variety."" — this subject's palette anchor is CLEAR AND BRASS: water-clear glass in a warm brass rim; component icon",55,transparent,codex,,1.0
RM_PearlLens,STILLSAND_GLASS_LENS_CHAIN_1,"RimWorld game item icon: a pearl lens — a convex lens ground from a sand-grown glass pearl, faintly milky-iridescent at its edge and clear at its centre, set in a pale bone rim. Top-down item sprite, no ground.",256,256,,,"stillsand register: the deep desert under a fixed white sun that never sets: bleached bone, pale gold and old-ivory sand, hard-edged black shade with no penumbra; light the subject with one hard white key from high front-top and crisp dark undersides, but bake NO cast shadow onto the ground (the engine draws shadows along the pinned sun); no rain, nothing wet-slicked, no lush green; painterly vanilla-RimWorld art style, grounded believable anatomy and materials, matte, never cartoonish, never cute, no outlines; owner law verbatim: ""Your color palette is too uniform per biome. Needs more variety."" — this subject's palette anchor is OPAL MILK: milky opal iridescence fading to clear, pale bone rim; premium component icon; must read different from the plain precision lens",55,transparent,codex,,1.0
RSW_KraytLens,STILLSAND_GLASS_LENS_CHAIN_1,"RimWorld game item icon: a krayt lens — a lens ground from a krayt dragon pearl, a deep luminous glass with a warm inner glow, set in a dark iron rim with tiny engraved marks. Star Wars Tatooine flavour. Top-down item sprite, no ground.",256,256,,,"stillsand register: the deep desert under a fixed white sun that never sets: bleached bone, pale gold and old-ivory sand, hard-edged black shade with no penumbra; light the subject with one hard white key from high front-top and crisp dark undersides, but bake NO cast shadow onto the ground (the engine draws shadows along the pinned sun); no rain, nothing wet-slicked, no lush green; painterly vanilla-RimWorld art style, grounded believable anatomy and materials, matte, never cartoonish, never cute, no outlines; owner law verbatim: ""Your color palette is too uniform per biome. Needs more variety."" — this subject's palette anchor is KRAYT AMBER: deep translucent amber-gold glass with a warm inner glow, dark iron rim; apex component icon",55,transparent,codex,,1.0
RM_SunFurnace,STILLSAND_GLASS_LENS_CHAIN_1,"RimWorld game building sprite, seen from above at the RimWorld three-quarter angle: the sun furnace — a 2x2 workstation made of a shallow parabolic dish of mirror segments and grown glass lenses on a steel frame, focusing the sun down onto a small ceramic crucible at its centre that glows white-hot. No fuel, no chimney, no power cable.",512,512,,,"stillsand register: the deep desert under a fixed white sun that never sets: bleached bone, pale gold and old-ivory sand, hard-edged black shade with no penumbra; light the subject with one hard white key from high front-top and crisp dark undersides, but bake NO cast shadow onto the ground (the engine draws shadows along the pinned sun); no rain, nothing wet-slicked, no lush green; painterly vanilla-RimWorld art style, grounded believable anatomy and materials, matte, never cartoonish, never cute, no outlines; owner law verbatim: ""Your color palette is too uniform per biome. Needs more variety."" — this subject's palette anchor is WHITE HEAT AND STEEL: mirror-white dish, gunmetal frame, a white-hot crucible core; 2x2 workstation; reads as a sun-powered smelter, no fire",60,transparent,codex,,2.0
RM_SandSieve,STILLSAND_GLASS_LENS_CHAIN_1,"RimWorld game building sprite, three-quarter top-down: a sand sieve — a staked wooden-and-wire screen frame set at a slant over the sand, with a fine-mesh grading screen and two small catch trays, one of ordinary pale sand and one of sugar-white fine sand. Simple, hand-built, no power.",256,256,,,"stillsand register: the deep desert under a fixed white sun that never sets: bleached bone, pale gold and old-ivory sand, hard-edged black shade with no penumbra; light the subject with one hard white key from high front-top and crisp dark undersides, but bake NO cast shadow onto the ground (the engine draws shadows along the pinned sun); no rain, nothing wet-slicked, no lush green; painterly vanilla-RimWorld art style, grounded believable anatomy and materials, matte, never cartoonish, never cute, no outlines; owner law verbatim: ""Your color palette is too uniform per biome. Needs more variety."" — this subject's palette anchor is DRIFTWOOD AND WIRE: grey driftwood frame, dull wire mesh, two pale sand trays; 1x1 building",50,transparent,codex,,1.0
RM_LensBench,STILLSAND_GLASS_LENS_CHAIN_1,"RimWorld game workbench sprite, three-quarter top-down: a lens-grinding bench — a long heavy worktable with a hand-cranked grinding wheel, a polishing lap, small racks of clear lenses and glass blanks, a magnifier on an arm. 3x1 workbench.",512,256,,"south,east,north","stillsand register: the deep desert under a fixed white sun that never sets: bleached bone, pale gold and old-ivory sand, hard-edged black shade with no penumbra; light the subject with one hard white key from high front-top and crisp dark undersides, but bake NO cast shadow onto the ground (the engine draws shadows along the pinned sun); no rain, nothing wet-slicked, no lush green; painterly vanilla-RimWorld art style, grounded believable anatomy and materials, matte, never cartoonish, never cute, no outlines; owner law verbatim: ""Your color palette is too uniform per biome. Needs more variety."" — this subject's palette anchor is PATINA BRASS AND BONE: bone-pale tabletop, patinated brass fittings, clear glass blanks; 3x1 workbench; vanilla bench facings",55,transparent,codex,,3.0
RM_SolarStill,STILLSAND_GLASS_LENS_CHAIN_1,"RimWorld game building sprite, three-quarter top-down: a solar still — a low black-bottomed basin under a slanted clear glass cover beaded with condensation on the inside, a lens set into the cover focusing a bright spot, a small collection gutter running to a capped water flask. 2x2.",512,512,,,"stillsand register: the deep desert under a fixed white sun that never sets: bleached bone, pale gold and old-ivory sand, hard-edged black shade with no penumbra; light the subject with one hard white key from high front-top and crisp dark undersides, but bake NO cast shadow onto the ground (the engine draws shadows along the pinned sun); no rain, nothing wet-slicked, no lush green; painterly vanilla-RimWorld art style, grounded believable anatomy and materials, matte, never cartoonish, never cute, no outlines; owner law verbatim: ""Your color palette is too uniform per biome. Needs more variety."" — this subject's palette anchor is BLACK AND CLEAR: matte black basin, clear glass cover, one bright focal spot; 2x2 building; water distiller by lens, not a moisture vaporator",60,transparent,codex,,2.0
RM_SolarOven,STILLSAND_GLASS_LENS_CHAIN_1,"RimWorld game building sprite, three-quarter top-down: a solar oven — a squat insulated box with a glazed glass lid, its four sides skirted with angled reflector panels that fan out like petals to throw sunlight into it, a cooking pot visible through the glass. No fire, no fuel, no power cable.",256,256,,,"stillsand register: the deep desert under a fixed white sun that never sets: bleached bone, pale gold and old-ivory sand, hard-edged black shade with no penumbra; light the subject with one hard white key from high front-top and crisp dark undersides, but bake NO cast shadow onto the ground (the engine draws shadows along the pinned sun); no rain, nothing wet-slicked, no lush green; painterly vanilla-RimWorld art style, grounded believable anatomy and materials, matte, never cartoonish, never cute, no outlines; owner law verbatim: ""Your color palette is too uniform per biome. Needs more variety."" — this subject's palette anchor is SAND CERAMIC AND MIRROR: warm sand-ceramic box, mirror petals, clear glazed lid; 1x1 cooking station; must read as fuel-free sun cooking",55,transparent,codex,,1.0
RM_SunLance_Base,STILLSAND_GLASS_LENS_CHAIN_1,"RimWorld game turret BASE sprite, top-down: the sun lance mount — a heavy round stone-and-steel plinth with a geared turntable ring, no weapon on it (the mirror array is a separate top sprite).",256,256,,,"stillsand register: the deep desert under a fixed white sun that never sets: bleached bone, pale gold and old-ivory sand, hard-edged black shade with no penumbra; light the subject with one hard white key from high front-top and crisp dark undersides, but bake NO cast shadow onto the ground (the engine draws shadows along the pinned sun); no rain, nothing wet-slicked, no lush green; painterly vanilla-RimWorld art style, grounded believable anatomy and materials, matte, never cartoonish, never cute, no outlines; owner law verbatim: ""Your color palette is too uniform per biome. Needs more variety."" — this subject's palette anchor is SLATE AND STEEL: slate-grey stone, dark steel gear ring; turret base layer, 1x1",55,transparent,codex,,1.0
RM_SunLance_Top,STILLSAND_GLASS_LENS_CHAIN_1,"RimWorld game turret TOP sprite, top-down, pointing up (north): the sun lance — a heliostat array of many small flat mirror tiles on a curved frame that focus sunlight into a single forward beam, a central lens barrel at the front. It rotates on its base.",256,256,,,"stillsand register: the deep desert under a fixed white sun that never sets: bleached bone, pale gold and old-ivory sand, hard-edged black shade with no penumbra; light the subject with one hard white key from high front-top and crisp dark undersides, but bake NO cast shadow onto the ground (the engine draws shadows along the pinned sun); no rain, nothing wet-slicked, no lush green; painterly vanilla-RimWorld art style, grounded believable anatomy and materials, matte, never cartoonish, never cute, no outlines; owner law verbatim: ""Your color palette is too uniform per biome. Needs more variety."" — this subject's palette anchor is FACETED MIRROR: many bright faceted mirror tiles on a dark steel frame; turret top layer, drawn pointing north, rotates; heats, never burns",55,transparent,codex,,1.0
RM_Geophone,STILLSAND_GLASS_LENS_CHAIN_1,"RimWorld game building sprite, three-quarter top-down: a geophone — a slim resonator spike driven into the sand, topped with a clear grown-glass bulb that holds a fine trembling filament, three guy-lines staked out around it. 1x1.",256,256,,,"stillsand register: the deep desert under a fixed white sun that never sets: bleached bone, pale gold and old-ivory sand, hard-edged black shade with no penumbra; light the subject with one hard white key from high front-top and crisp dark undersides, but bake NO cast shadow onto the ground (the engine draws shadows along the pinned sun); no rain, nothing wet-slicked, no lush green; painterly vanilla-RimWorld art style, grounded believable anatomy and materials, matte, never cartoonish, never cute, no outlines; owner law verbatim: ""Your color palette is too uniform per biome. Needs more variety."" — this subject's palette anchor is GLASS AND BRONZE: clear biosilica bulb, bronze spike, pale guy-lines; 1x1 instrument",50,transparent,codex,,1.0
RM_FE_Fulgurite_real,STILLSAND_GLASS_LENS_CHAIN_1,"RimWorld game item icon: a desert sand fulgurite, drawn faithfully from real photographs of fulgurites dug from Sahara dunes — an irregular, knobbly, slightly flattened tube about a forearm long where lightning fused the sand, its outside rough and crusted with half-melted tan and rust sand grains so it looks like a crusty sandy root or branch, one end broken open to show a narrow collapsed hollow lined with smooth frothy white-grey glass, a small side branch tapering off. NOT a clear glass tube, NOT crystal, NOT glowing, NOT a lightning-bolt shape: it must look like the real mineral, a crusty sand-coloured fused root. Top-down item sprite, no ground.",256,256,,,"stillsand register: the deep desert under a fixed white sun that never sets: bleached bone, pale gold and old-ivory sand, hard-edged black shade with no penumbra; light the subject with one hard white key from high front-top and crisp dark undersides, but bake NO cast shadow onto the ground (the engine draws shadows along the pinned sun); no rain, nothing wet-slicked, no lush green; painterly vanilla-RimWorld art style, grounded believable anatomy and materials, matte, never cartoonish, never cute, no outlines; owner law verbatim: ""Your color palette is too uniform per biome. Needs more variety."" — this subject's palette anchor is FUSED SAND: dull tan, rust and dirty-ochre sand crust with a frothy white-grey glass interior at the broken end, dark charred flecks; REAL-WORLD REFERENCE REQUIRED (owner, 2026-09-30): match the real Sahara/Mauritania fulgurite photographs in design/Jawa/worldbuilding/biomes/references/fulgurite/ — crusty, sand-coated, branching, hollow; replaces RM_FE_Fulgurite.png for every biome once accepted",70,transparent,codex,,1.0
RM_SunGoggles,STILLSAND_SUN_FROM_LATITUDE_1,"RimWorld game apparel item icon: sun goggles — a pair of round thick-lensed goggles of smoked sun glass in a stitched leather mask-band with side shields against glare, a strap of wrapped cloth. Desert scavenger make. Top-down item sprite, no ground.",256,256,,,"stillsand register: the deep desert under a fixed white sun that never sets: bleached bone, pale gold and old-ivory sand, hard-edged black shade with no penumbra; light the subject with one hard white key from high front-top and crisp dark undersides, but bake NO cast shadow onto the ground (the engine draws shadows along the pinned sun); no rain, nothing wet-slicked, no lush green; painterly vanilla-RimWorld art style, grounded believable anatomy and materials, matte, never cartoonish, never cute, no outlines; owner law verbatim: ""Your color palette is too uniform per biome. Needs more variety."" — this subject's palette anchor is SMOKED HONEY AND LEATHER: smoked honey-brown lenses, dark oiled leather, sand-cloth strap; apparel icon",55,transparent,codex,,1.0
RM_SunGogglesWorn,STILLSAND_SUN_FROM_LATITUDE_1,"RimWorld game worn-apparel sprite for the eyes layer: sun goggles as worn on a humanlike head — two round smoked-glass lenses with leather side shields and a strap around the head; ONLY the goggles, no head or face drawn.",256,256,,"south,east,north","stillsand register: the deep desert under a fixed white sun that never sets: bleached bone, pale gold and old-ivory sand, hard-edged black shade with no penumbra; light the subject with one hard white key from high front-top and crisp dark undersides, but bake NO cast shadow onto the ground (the engine draws shadows along the pinned sun); no rain, nothing wet-slicked, no lush green; painterly vanilla-RimWorld art style, grounded believable anatomy and materials, matte, never cartoonish, never cute, no outlines; owner law verbatim: ""Your color palette is too uniform per biome. Needs more variety."" — this subject's palette anchor is SMOKED HONEY AND LEATHER: smoked honey-brown lenses, dark oiled leather strap; worn layer at head scale, aligned to vanilla head placement; north facing is a true rear view seen from directly behind: no eyes, no face, no mouth or frontal features visible, only the strap and buckle across the back of the head",50,transparent,codex,,1.0
RM_Thumper,STILLSAND_SAND_SWIM_KIT_1,"RimWorld game building sprite, three-quarter top-down: a thumper — a heavy weighted hammer on a tall tripod staked into the sand, the hammer raised over a flat striking plate, with a lashed water bladder and a dripping hose that wets the sand around the plate, a dark damp patch spreading. 1x1.",256,256,,,"stillsand register: the deep desert under a fixed white sun that never sets: bleached bone, pale gold and old-ivory sand, hard-edged black shade with no penumbra; light the subject with one hard white key from high front-top and crisp dark undersides, but bake NO cast shadow onto the ground (the engine draws shadows along the pinned sun); no rain, nothing wet-slicked, no lush green; painterly vanilla-RimWorld art style, grounded believable anatomy and materials, matte, never cartoonish, never cute, no outlines; owner law verbatim: ""Your color palette is too uniform per biome. Needs more variety."" — this subject's palette anchor is IRON AND WET SAND: dark iron hammer, bleached tripod, a bladder of hide, a dark wet sand patch; 1x1; vibration plus moisture is the lure, so the wet patch must read",60,transparent,codex,,1.0
RM_Filth_SandWake,STILLSAND_SAND_SWIM_KIT_1,"RimWorld game ground filth sprite, top-down: a sand wake — a short straight section of a shallow trough in sand with a low raised ridge on either side and a light spray of loose grains, as if something large passed underneath. Transparent background, only the disturbed sand.",256,256,,,"stillsand register: the deep desert under a fixed white sun that never sets: bleached bone, pale gold and old-ivory sand, hard-edged black shade with no penumbra; light the subject with one hard white key from high front-top and crisp dark undersides, but bake NO cast shadow onto the ground (the engine draws shadows along the pinned sun); no rain, nothing wet-slicked, no lush green; painterly vanilla-RimWorld art style, grounded believable anatomy and materials, matte, never cartoonish, never cute, no outlines; owner law verbatim: ""Your color palette is too uniform per biome. Needs more variety."" — this subject's palette anchor is SHADED DUN: slightly darker dun sand in the trough, paler ridges; filth layer; must tile end to end as a line",55,transparent,codex,,1.0
RSW_KraytSkeleton,STILLSAND_SKELETONS_TRACKS_1,"RimWorld game building sprite, top-down three-quarter: the skeleton of a krayt dragon (the Tatooine desert dragon): a huge horned skull with a spiked brow and a long ribcage of tall arching ribs half-buried in a dune, vertebrae trailing off into the sand. A landmark on open sand, large and readable; sand drifted against one side.",1024,512,,,"stillsand register: the deep desert under a fixed white sun that never sets: bleached bone, pale gold and old-ivory sand, hard-edged black shade with no penumbra; light the subject with one hard white key from high front-top and crisp dark undersides, but bake NO cast shadow onto the ground (the engine draws shadows along the pinned sun); no rain, nothing wet-slicked, no lush green; painterly vanilla-RimWorld art style, grounded believable anatomy and materials, matte, never cartoonish, never cute, no outlines; owner law verbatim: ""Your color palette is too uniform per biome. Needs more variety."" — this subject's palette anchor is SUN-BLEACHED BONE: sun-bleached bone with ochre staining and dark sand in the joints; multi-cell skeleton building, drawSize ~8.0x4.0; canon Star Wars krayt dragon skeleton, as in A New Hope; no baked cast shadow",60,transparent,codex,giant multi-cell skeleton needs 1024 wide (drawSize x 128 rule),8.0
RSW_GreaterKraytSkeleton,STILLSAND_SKELETONS_TRACKS_1,"RimWorld game building sprite, top-down three-quarter: the skeleton of a greater krayt dragon: a colossal ribcage like a cathedral of curved bone, a massive horned skull bigger than a landspeeder, all half-sunk in sand. A landmark on open sand, large and readable; sand drifted against one side.",1024,512,,,"stillsand register: the deep desert under a fixed white sun that never sets: bleached bone, pale gold and old-ivory sand, hard-edged black shade with no penumbra; light the subject with one hard white key from high front-top and crisp dark undersides, but bake NO cast shadow onto the ground (the engine draws shadows along the pinned sun); no rain, nothing wet-slicked, no lush green; painterly vanilla-RimWorld art style, grounded believable anatomy and materials, matte, never cartoonish, never cute, no outlines; owner law verbatim: ""Your color palette is too uniform per biome. Needs more variety."" — this subject's palette anchor is OLD IVORY: old ivory bone with grey weathering and pale gold sand drifts; multi-cell skeleton building, drawSize ~10.0x5.0; canon greater krayt dragon skeleton, The Mandalorian; no baked cast shadow",60,transparent,codex,giant multi-cell skeleton needs 1024 wide (drawSize x 128 rule),10.0
RSW_WarWyrmSkeleton,STILLSAND_SKELETONS_TRACKS_1,"RimWorld game building sprite, top-down three-quarter: the skeleton of a war wyrm: a long serpentine spine of linked vertebrae with short side ribs snaking across the sand, a narrow armoured skull. A landmark on open sand, large and readable; sand drifted against one side.",1024,512,,,"stillsand register: the deep desert under a fixed white sun that never sets: bleached bone, pale gold and old-ivory sand, hard-edged black shade with no penumbra; light the subject with one hard white key from high front-top and crisp dark undersides, but bake NO cast shadow onto the ground (the engine draws shadows along the pinned sun); no rain, nothing wet-slicked, no lush green; painterly vanilla-RimWorld art style, grounded believable anatomy and materials, matte, never cartoonish, never cute, no outlines; owner law verbatim: ""Your color palette is too uniform per biome. Needs more variety."" — this subject's palette anchor is GREY BONE: grey-white bone with rusty mineral stains; multi-cell skeleton building, drawSize ~8.0x4.0; long serpentine burrower skeleton; no baked cast shadow",60,transparent,codex,giant multi-cell skeleton needs 1024 wide (drawSize x 128 rule),8.0
RM_OommokSkeleton,STILLSAND_SKELETONS_TRACKS_1,"RimWorld game building sprite, top-down three-quarter: the skeleton of the oommok, the mirror giant: a towering ribcage with flakes of shed mirror-plate still clinging to the ribs, catching the sun. A landmark on open sand, large and readable; sand drifted against one side.",1024,512,,,"stillsand register: the deep desert under a fixed white sun that never sets: bleached bone, pale gold and old-ivory sand, hard-edged black shade with no penumbra; light the subject with one hard white key from high front-top and crisp dark undersides, but bake NO cast shadow onto the ground (the engine draws shadows along the pinned sun); no rain, nothing wet-slicked, no lush green; painterly vanilla-RimWorld art style, grounded believable anatomy and materials, matte, never cartoonish, never cute, no outlines; owner law verbatim: ""Your color palette is too uniform per biome. Needs more variety."" — this subject's palette anchor is BONE AND MIRROR: bone-white ribs with bright mirror flakes; multi-cell skeleton building, drawSize ~8.0x4.0; its shed plate is salvageable here; no baked cast shadow",60,transparent,codex,giant multi-cell skeleton needs 1024 wide (drawSize x 128 rule),8.0
RM_MuurrokSkeleton,STILLSAND_SKELETONS_TRACKS_1,"RimWorld game building sprite, top-down three-quarter: the skeleton of the muurrok, the sand leviathan: a long streamlined skeleton with a tall crest-spine of fused bone where the mirror crest stood, paddle-limb bones splayed. A landmark on open sand, large and readable; sand drifted against one side.",1024,512,,,"stillsand register: the deep desert under a fixed white sun that never sets: bleached bone, pale gold and old-ivory sand, hard-edged black shade with no penumbra; light the subject with one hard white key from high front-top and crisp dark undersides, but bake NO cast shadow onto the ground (the engine draws shadows along the pinned sun); no rain, nothing wet-slicked, no lush green; painterly vanilla-RimWorld art style, grounded believable anatomy and materials, matte, never cartoonish, never cute, no outlines; owner law verbatim: ""Your color palette is too uniform per biome. Needs more variety."" — this subject's palette anchor is CHALK AND OXBLOOD: chalky bone with faint oxblood staining along the crest-spine; multi-cell skeleton building, drawSize ~8.0x4.0; invented leviathan skeleton; no baked cast shadow",60,transparent,codex,giant multi-cell skeleton needs 1024 wide (drawSize x 128 rule),8.0
RM_GuzzkaSkeleton,STILLSAND_SKELETONS_TRACKS_1,"RimWorld game building sprite, top-down three-quarter: the remains of the guzzka cavern beast: a hunched massive ribcage and a broad heavy skull with mineral crust on the bones, half buried in sand.",512,512,,,"stillsand register: the deep desert under a fixed white sun that never sets: bleached bone, pale gold and old-ivory sand, hard-edged black shade with no penumbra; light the subject with one hard white key from high front-top and crisp dark undersides, but bake NO cast shadow onto the ground (the engine draws shadows along the pinned sun); no rain, nothing wet-slicked, no lush green; painterly vanilla-RimWorld art style, grounded believable anatomy and materials, matte, never cartoonish, never cute, no outlines; owner law verbatim: ""Your color palette is too uniform per biome. Needs more variety."" — this subject's palette anchor is SALT-CRUSTED BONE: bone with white salt crust and rust stains; multi-cell skeleton building, drawSize ~4; no baked cast shadow",55,transparent,codex,,4.0
RM_VozzikSkeleton,STILLSAND_SKELETONS_TRACKS_1,"RimWorld game building sprite, top-down three-quarter: the remains of the vozzik grazing slug: a long low dome of overlapping bleached mantle plates collapsed over a few internal struts, like an empty armoured shell, half buried in sand.",512,512,,,"stillsand register: the deep desert under a fixed white sun that never sets: bleached bone, pale gold and old-ivory sand, hard-edged black shade with no penumbra; light the subject with one hard white key from high front-top and crisp dark undersides, but bake NO cast shadow onto the ground (the engine draws shadows along the pinned sun); no rain, nothing wet-slicked, no lush green; painterly vanilla-RimWorld art style, grounded believable anatomy and materials, matte, never cartoonish, never cute, no outlines; owner law verbatim: ""Your color palette is too uniform per biome. Needs more variety."" — this subject's palette anchor is CHALK PLATE: chalk-white plates with slate-grey seams; multi-cell skeleton building, drawSize ~4; no baked cast shadow",55,transparent,codex,,4.0
RM_Filth_OommokPrint,STILLSAND_SKELETONS_TRACKS_1,"RimWorld game ground filth sprite, top-down: one giant footprint pressed into desert sand, a house-sized shallow round pit with a crumbled rim and toe-pad marks, sand slumping back in. Transparent background, only the disturbed sand.",512,512,,,"stillsand register: the deep desert under a fixed white sun that never sets: bleached bone, pale gold and old-ivory sand, hard-edged black shade with no penumbra; light the subject with one hard white key from high front-top and crisp dark undersides, but bake NO cast shadow onto the ground (the engine draws shadows along the pinned sun); no rain, nothing wet-slicked, no lush green; painterly vanilla-RimWorld art style, grounded believable anatomy and materials, matte, never cartoonish, never cute, no outlines; owner law verbatim: ""Your color palette is too uniform per biome. Needs more variety."" — this subject's palette anchor is SLUMPED DUN: shadowed dun pit with paler crumbled rim; filth; one of a slow line a day apart",50,transparent,codex,,4.0
RM_Filth_EruptionScar,STILLSAND_SKELETONS_TRACKS_1,"RimWorld game ground filth sprite, top-down: an eruption scar — a crater ring of blown-out sand with radial streaks and scattered clods, as if something burst up out of the ground. Transparent background.",256,256,,,"stillsand register: the deep desert under a fixed white sun that never sets: bleached bone, pale gold and old-ivory sand, hard-edged black shade with no penumbra; light the subject with one hard white key from high front-top and crisp dark undersides, but bake NO cast shadow onto the ground (the engine draws shadows along the pinned sun); no rain, nothing wet-slicked, no lush green; painterly vanilla-RimWorld art style, grounded believable anatomy and materials, matte, never cartoonish, never cute, no outlines; owner law verbatim: ""Your color palette is too uniform per biome. Needs more variety."" — this subject's palette anchor is BLOWN OCHRE: darker blown ochre sand in streaks over the pale ground colour; filth; sand-buster eruption sign",50,transparent,codex,,2.0
RM_Filth_GlasscrustScar,STILLSAND_SKELETONS_TRACKS_1,"RimWorld game ground filth sprite, top-down: a glasscrust scar — a narrow crushed line through a thin frosted glassy crust on the sand, broken shards pressed flat along a path. Transparent background.",256,256,,,"stillsand register: the deep desert under a fixed white sun that never sets: bleached bone, pale gold and old-ivory sand, hard-edged black shade with no penumbra; light the subject with one hard white key from high front-top and crisp dark undersides, but bake NO cast shadow onto the ground (the engine draws shadows along the pinned sun); no rain, nothing wet-slicked, no lush green; painterly vanilla-RimWorld art style, grounded believable anatomy and materials, matte, never cartoonish, never cute, no outlines; owner law verbatim: ""Your color palette is too uniform per biome. Needs more variety."" — this subject's palette anchor is FROSTED SHARD: frosted pale-blue-white shards on a pale sand line; filth that lasts years; must tile as a line",50,transparent,codex,,1.0
RSW_Filth_CrawlerTread,STILLSAND_SKELETONS_TRACKS_1,"RimWorld game ground filth sprite, top-down: sandcrawler tread tracks — two broad parallel ribbed ribbons pressed into sand, the heavy tread pattern of a giant tracked vehicle. Transparent background, only the pressed sand.",512,256,,,"stillsand register: the deep desert under a fixed white sun that never sets: bleached bone, pale gold and old-ivory sand, hard-edged black shade with no penumbra; light the subject with one hard white key from high front-top and crisp dark undersides, but bake NO cast shadow onto the ground (the engine draws shadows along the pinned sun); no rain, nothing wet-slicked, no lush green; painterly vanilla-RimWorld art style, grounded believable anatomy and materials, matte, never cartoonish, never cute, no outlines; owner law verbatim: ""Your color palette is too uniform per biome. Needs more variety."" — this subject's palette anchor is PRESSED TAN: compressed darker tan tread ribs on lighter sand; filth; Star Wars sandcrawler flavour; must tile end to end",50,transparent,codex,,2.0
RM_DustDevil,STILLSAND_DUNE_GALE_1,"RimWorld game sprite, top-down three-quarter: a dust devil — a single slender spinning column of lifted sand and dust, wide at the base where it scours the ground and twisting up to a thin hazy top, translucent at the edges.",256,512,,,"stillsand register: the deep desert under a fixed white sun that never sets: bleached bone, pale gold and old-ivory sand, hard-edged black shade with no penumbra; light the subject with one hard white key from high front-top and crisp dark undersides, but bake NO cast shadow onto the ground (the engine draws shadows along the pinned sun); no rain, nothing wet-slicked, no lush green; painterly vanilla-RimWorld art style, grounded believable anatomy and materials, matte, never cartoonish, never cute, no outlines; owner law verbatim: ""Your color palette is too uniform per biome. Needs more variety."" — this subject's palette anchor is SPUN OCHRE: translucent ochre-gold dust with paler streaks; moving Thing, semi-transparent; no ground drawn",55,transparent,codex,,2.0
RM_DebtStone,STILLSAND_RETURN_RITUAL_1,"RimWorld game building sprite, three-quarter top-down: a debt stone — a single rough upright standing stone set in open sand, its face cut with straight carved grooves running toward one side like poured lines, a shallow dark stain of poured water soaking into the sand at its foot. 1x1.",256,256,,,"stillsand register: the deep desert under a fixed white sun that never sets: bleached bone, pale gold and old-ivory sand, hard-edged black shade with no penumbra; light the subject with one hard white key from high front-top and crisp dark undersides, but bake NO cast shadow onto the ground (the engine draws shadows along the pinned sun); no rain, nothing wet-slicked, no lush green; painterly vanilla-RimWorld art style, grounded believable anatomy and materials, matte, never cartoonish, never cute, no outlines; owner law verbatim: ""Your color palette is too uniform per biome. Needs more variety."" — this subject's palette anchor is SANDSTONE ROSE: weathered rose-grey sandstone with darker carved grooves; 1x1 ritual focus",55,transparent,codex,,1.0
RM_SealedWaterJar,STILLSAND_PRECIOUS_CAVES_1,"RimWorld game item icon: a sealed water jar — a squat ancient clay jar with a wax-and-hide sealed mouth tied with cord, desert dust on its shoulders, intact. Top-down item sprite, no ground.",256,256,,,"stillsand register: the deep desert under a fixed white sun that never sets: bleached bone, pale gold and old-ivory sand, hard-edged black shade with no penumbra; light the subject with one hard white key from high front-top and crisp dark undersides, but bake NO cast shadow onto the ground (the engine draws shadows along the pinned sun); no rain, nothing wet-slicked, no lush green; painterly vanilla-RimWorld art style, grounded believable anatomy and materials, matte, never cartoonish, never cute, no outlines; owner law verbatim: ""Your color palette is too uniform per biome. Needs more variety."" — this subject's palette anchor is TERRACOTTA AND WAX: dusty terracotta with a dark amber wax seal; item icon; precious cave find",50,transparent,codex,,1.0
