material,defs,form,unit,units_per_cell_or_find,RM_Abyss,RM_BlueDesert,RM_Cauldron,RM_ChillCrater,RM_Contagion,RM_FeverWood,RM_FloodedCanyon,RM_GelatinousSlime,RM_Greentide,RM_GreySea,RM_LanternDeeps,RM_LeaningScrub,RM_LongShade,RM_Miasma,RM_NightsideIce,RM_Pyrelands,RM_RustCathedral,RM_Stillsand,RM_TheChill,RM_TheForge,RM_TheRot,RM_TheScald,RM_TheSump,RM_TwilightSea,RM_Warscar,RM_Wasteland,RM_Webwork,RM_WeepingStones,RM_SeabedFloor_TheScald,RM_SeabedFloor_GreySea,RM_SeabedFloor_TwilightSea,RM_SeabedFloor_TheChill,RUT_AridShrubland,RUT_Desert,RUT_ExtremeDesert,RUT_FuelSnows,RUT_Umbra,OTHER_vanilla_biomes,deep_weight,quarry,quarry_per_100_jobs,salvage_per_year,trade_per_year,quest_or_site,status,notes
steel,Steel (MineableSteel; RM_CathedralDeckPlate in Rust Cathedral),F1 vein,EPM,40,0,6000,8000,12000,12000,0,12000,0,0,0,0,12000,12000,0,12000,12000,30000,6000,0,20000,12000,0,12000,0,15000,12000,0,12000,0,0,0,0,12000,12000,6000,12000,12000,12000,4,local,derive,2000,1500,,GUESS (owner: some biomes have no iron; those listed 0 on purpose),"Reference: Core-only vanilla large-hills map ≈ 34,000 EPM (69 lumps × 30 cells × 40 × 40% share). 12,000 = about a third of vanilla. Rust Cathedral figure includes deck-plate walls. 0 in Slime/Webwork/Greentide/Fever Wood/Miasma/Lantern Deeps by intent (organic or crystal worlds) — owner rules per sitting"
chimney iron,RM_ChimneyIronNodule (unbuilt),F3/F6 nodule at chimneys,EPM,30,0,0,0,0,0,0,0,0,0,0,0,0,0,0,0,0,0,0,0,0,0,0,0,0,0,0,0,0,6000,0,0,0,0,0,0,0,0,0,0,no,0,0,0,,PROMISED sea_dive_maps_spec.md:520,smelts to steel only; the Scald floor's iron
components (industrial),"ComponentIndustrial; producers zeroed: MineableComponentsIndustrial, SolidOreTech, WeatheredOreTech, HewnOreTech, Quarry OreDictionary component entry",F10 salvage only,UPY,2,0,0,0,0,0,0,0,0,0,0,0,0,0,0,0,0,0,0,0,0,0,0,0,0,0,0,0,0,0,0,0,0,0,0,0,0,0,0,0,no,0,60,40,"ruins, wrecks",RULED 2026-09-25 (never mined),MineableComponentsIndustrial and Minerals Rock *OreTech zeroed; Quarry's hard-coded component draw removed (§6.4)
advanced components,ComponentSpacer; OuterRim_ComponentHypertech,F10 salvage only,UPY,1,0,0,0,0,0,0,0,0,0,0,0,0,0,0,0,0,0,0,0,0,0,0,0,0,0,0,0,0,0,0,0,0,0,0,0,0,0,0,0,no,0,8,6,"named wrecks, troves",RULED (never mined),LKORComponent_Ore retired with its mod
durasteel (was plasteel),"Plasteel renamed; producers zeroed: MineablePlasteel, SolidOrePlasteel, WeatheredOrePlasteel, HewnOrePlasteel, LKDurasteel_Ore, KOTOR_MineableDurasteel; OuterRim_Durasteel, KOTOR_AlloyDurasteel, KotORChunk_durasteel retire into it",F10 salvage only,UPY,1,0,0,0,0,0,0,0,0,0,0,0,0,0,0,0,0,0,0,0,0,0,0,0,0,0,0,0,0,0,0,0,0,0,0,0,0,0,0,0,no,0,150,100,"mech remains, wrecks, Forge towers",RULED 2026-10-03 (rename + merge),"MineablePlasteel, LKDurasteel_Ore, KOTOR_MineableDurasteel, Minerals Rock *OrePlasteel zeroed; deep 1 → 0. Conversion recipes for donor stock"
duranium,new (RSW_Duranium),"F10 salvage + trade, made offworld",UPY,1,0,0,0,0,0,0,0,0,0,0,0,0,0,0,0,0,0,0,0,0,0,0,0,0,0,0,0,0,0,0,0,0,0,0,0,0,0,0,0,no,0,15,10,crashed capital ships,RULED 2026-10-03 (make it),REQUIRED for large ship and machine types (factories). Rare. Never on any map surface or deep
doonium,new (RSW_Doonium),"F10 salvage + trade, made offworld",UPY,1,0,0,0,0,0,0,0,0,0,0,0,0,0,0,0,0,0,0,0,0,0,0,0,0,0,0,0,0,0,0,0,0,0,0,0,0,0,0,0,no,0,10,8,"crashed capital ships, Bazaar",RULED 2026-10-03 (make it),"as duranium; owner: rare, required for large ship/machine builds"
beskar,"KOTOR_RawBeskar, KOTOR_IngotBeskar, OuterRim_Beskar, OuterRim_PureBeskar",F10/F12 salvage only,UPY,1,0,0,0,0,0,0,0,0,0,0,0,0,0,0,0,0,0,0,0,0,0,0,0,0,0,0,0,0,0,0,0,0,0,0,0,0,0,0,0,no,0,3,0,"Warscar trove, crashed-ship mutator, Scald wrecks",RULED 2026-09-25 (salvage-only),all C1/C3 weights zeroed; LK ores retired
gold,Gold (MineableGold; RM_NoduleGold),F3 nodule (Scald floor); F3 meteoritic (Blue Desert),EPM,40,0,600,0,0,0,0,0,0,0,0,0,0,0,0,0,0,0,0,0,0,0,0,0,0,0,0,0,0,1500,0,0,0,0,0,0,0,0,0,0.5,local,derive,40,60,,PROMISED Scald :517; Blue Desert PROPOSED,vanilla large-hills ≈ 950 EPM under today's modded weights
silver,Silver (MineableSilver; RM_NoduleSilver),F3 nodule; F3 meteoritic,EPM,40,0,1500,0,0,0,0,0,0,0,0,0,0,0,0,0,0,0,0,0,0,0,0,0,0,0,0,0,0,3000,0,0,0,0,0,0,0,0,0,0.5,local,derive,300,400,,PROMISED Scald :518; Blue Desert PROPOSED,silver is also currency: trade column matters most
uranium,Uranium (MineableUranium; RM_NoduleUranium),F3 nodule; F10 warcasket cores,EPM,40,0,300,0,0,0,0,0,0,0,0,0,0,0,0,0,0,0,0,0,0,0,0,0,0,0,400,0,0,1200,0,0,0,0,0,0,0,0,0,1,local,derive,60,40,,PROMISED Scald :519; others PROPOSED,
uraninite,RM_UraniniteCrystal (unbuilt) / Minerals Sparkle UraniniteDeposit,F4 crystal,EPM,5,0,0,0,0,0,0,0,0,0,0,0,0,0,0,0,0,0,0,0,0,0,0,0,0,0,0,0,0,200,0,0,0,0,0,0,0,0,0,0,no,0,0,0,,PROMISED Scald :523,
magnetite,RM_MagnetiteCrystal (unbuilt) / Minerals Sparkle MagnetiteCrystal,F4 crystal,EPM,5,0,0,0,0,0,0,0,0,0,0,0,0,0,0,0,0,0,0,0,0,0,0,0,0,0,0,0,0,300,0,0,0,0,0,0,0,0,0,0,no,0,0,0,,PROMISED Scald :522,
jade,Jade (MineableJade),F2 biome vein in canyon walls,EPM,40,0,0,0,0,0,0,2500,0,0,0,0,0,0,0,0,0,0,0,0,0,0,0,0,0,0,0,0,0,0,0,0,0,0,0,0,0,0,0,0.5,local,derive,0,80,,PROPOSED (10-02 design),
obsidian,Obsidian (Odyssey MineableObsidian),F2 biome vein,EPM,40,0,0,0,0,0,0,0,0,0,0,0,0,0,0,0,1500,0,0,0,4000,0,0,0,0,0,0,0,0,0,0,0,0,0,0,0,0,0,0,0,local,derive,0,0,,PROMISED the_forge.md:140; Pyrelands GUESS,
diamond,Diamond (Jewelry MineableDiamond),F4 crystal cluster / F2 vein,EPM,20,0,0,0,0,0,0,0,0,0,0,400,0,0,0,0,0,0,0,0,0,0,0,0,0,0,0,0,0,0,0,0,0,0,0,0,0,0,0,0.4,local,derive,0,10,,PROPOSED,the cave is where crystals belong
ruby,Ruby (Jewelry),F4/F2,EPM,20,0,0,0,0,0,0,0,0,0,0,500,0,0,0,0,0,0,0,0,200,0,0,0,0,0,0,0,0,0,0,0,0,0,0,0,0,0,0,0.5,local,derive,0,12,,PROPOSED; Forge GUESS,
sapphire,Sapphire (Jewelry),F4/F2,EPM,20,0,0,0,0,0,0,0,0,0,0,500,0,0,0,200,0,0,0,0,0,0,0,0,0,0,0,0,0,0,0,0,0,0,0,0,0,0,0,0.5,local,derive,0,12,,PROPOSED; Sleeping Ice GUESS,
rough gem (Minerals Sparkle),"RoughGem, RoughUltrahardGem via *Crystal, BigQuartzCrystal, BigAmethystCrystal, RiverRock",F4 crystal clusters; river gravel,EPM,1,0,0,0,0,0,0,40,0,0,0,150,0,0,0,0,0,0,0,0,0,0,0,0,0,0,0,0,0,0,0,0,0,0,0,0,0,0,0,0,no,0,0,10,,GUESS,framework spawner: registry writes allowedBiomes (C2)
pyrinth,DV_Pyrinth (DV_MineablePyrinth),F2 biome vein,EPM,10,0,0,0,0,0,0,0,0,0,0,600,0,0,0,0,0,0,0,0,0,0,0,0,0,0,0,0,0,150,0,0,0,0,0,0,0,0,0,0.4,local,derive,0,5,,BUILT gate (Deeps); Scald PROMISED :525,the orange glowing gem; already ours (RimMandrake: Pyrinth)
kyber,Force_KyberCrystal (Force_CrystalFormation_*),"F4 formation, Deeps generator only",EPM,1,0,0,0,0,0,0,0,0,0,0,30,0,0,0,0,0,0,0,0,0,0,0,0,0,0,0,0,0,0,0,0,0,0,0,0,0,0,0,0,no,0,0,0,Rakatan kyber mine (promised),BUILT gate,⛔ never in the Chill (the_propane_lakes.md:141)
glowstone,GLO_GlowstoneCluster (GLO_MineableGlowstone),F4 cluster,EPM,3,0,0,0,0,0,0,0,0,0,0,300,0,0,0,0,0,0,0,0,0,0,0,0,0,0,0,0,0,0,0,0,0,0,0,0,0,0,0,0,local,derive,0,0,,PROPOSED,
lanternstone,"RM_Lanternstone (RM_LanternstoneWall, RM_CreepCrust)",biome rock wall + deep,EPM,1,0,0,0,0,0,0,0,0,0,0,8000,0,0,0,0,0,0,0,0,0,0,0,0,0,0,0,0,0,0,0,0,0,0,0,0,0,0,0,1,local,derive,0,0,,BUILT; deep leak closed by §6.3,
live pattern metal,RM_LivePatternMetal,"F11 deep, Rust Cathedral only",deep share,15,0,0,0,0,0,0,0,0,0,0,0,0,0,0,0,0,deep-only,0,0,0,0,0,0,0,0,0,0,0,0,0,0,0,0,0,0,0,0,0,4,local,derive,0,0,,BUILT; deep leak closed by §6.3,biome cell 'deep-only' = no surface form; deep draws allowed here only
dead smartsteel,RM_DeadSmartsteel (RM_MineableDeadSmartsteel),F10 salvage seam,EPM,20,0,0,0,0,0,0,0,0,0,0,0,0,0,0,0,0,3000,0,0,0,0,0,0,0,0,0,0,0,0,0,0,0,0,0,0,0,0,0,0,local,derive,0,0,,BUILT,
amber,BMT_AmberResource,F9 stratum seam,EPM,20,0,0,0,0,0,0,500,0,0,0,0,0,0,0,0,0,0,0,0,0,0,0,0,0,0,0,0,0,0,0,0,0,0,0,0,0,0,0,0.4,local,derive,0,0,,PROPOSED,
fossils,BMT_FossilResource; RM_FossilSeam_*; Minerals Sparkle fossils,F9 stratum seam,EPM,20,0,0,0,0,0,0,800,0,0,0,0,0,0,0,0,0,0,0,0,0,0,0,0,0,0,0,0,0,0,0,0,0,0,0,0,0,0,0,0.8,local,derive,0,0,,seams BUILT; donor PROPOSED,
coarse and crystal salts,"RM_RawSalt, RM_SaltWhite/Pink/Violet/Amber","F4 great crystals, pillars, domes; F5 brine jacket",EPM,20,0,0,0,0,0,0,0,0,0,6000,0,0,0,0,0,0,0,0,0,0,0,0,0,0,0,0,0,0,0,4000,0,0,0,0,0,0,0,0,0,local,derive,0,0,,BUILT (TerminalBiomes),
seep-salt,RM_SeepSalt,F5 crust off steamfrond vents,EPM/yr,1,0,0,0,0,0,0,0,0,0,0,0,0,0,0,0,0,0,0,0,0,0,0,0,0,0,0,0,400,100,0,0,0,0,0,0,0,0,0,0,no,0,0,0,,BUILT (Weeping Stones); Scald PROMISED :524,
delta salt,RM_DeltaSalt,F5/F7,EPM/yr,1,0,0,0,0,0,0,0,0,0,0,0,0,0,300,0,0,0,0,0,0,0,0,0,0,0,0,0,0,0,0,0,0,0,0,0,0,0,0,0,no,0,0,0,,BUILT,
cooking salt (VCE),VCE_Salt,F5 basin crust,EPM,5,0,0,0,0,0,0,0,0,0,0,0,0,0,0,0,0,0,500,0,0,0,0,0,0,0,1500,0,0,0,0,0,0,0,0,0,0,0,0,0.5,local,derive,0,200,,PROMISED wasteland.md:246; Stillsand GUESS,
"brine plate, drazz, tekk",RM_/RUT_BrineDeposit_*,F7 colony beds,EPM,10,0,0,0,0,0,0,0,0,0,0,0,0,0,0,0,0,0,0,0,0,0,0,0,0,0,2000,0,0,0,0,0,0,0,0,0,0,0,0,0,no,0,0,0,,BUILT,
bezoars,"RM_ContaminantBezoar, RM_VitrifiedBezoar, RUT_MetalSaltBezoar",F7 carcass seams / creature,EPM,5,0,0,0,0,0,0,0,0,0,0,0,0,0,0,0,0,0,0,0,0,0,0,0,0,0,300,0,0,0,0,0,0,0,0,0,0,0,0,0,no,0,0,0,,BUILT,
mindstone,RUT_Mindstone (RUT_MindstoneVein),F12 custom location,EPM,5,0,0,0,0,0,0,0,0,0,0,50,0,0,0,0,0,0,0,0,0,0,0,0,0,0,0,0,0,0,0,0,0,0,0,0,0,0,0,0,no,0,0,0,Lantern Deeps site,PROMISED the_lantern_deeps.md:168,
fulgurite,RM_FE_Fulgurite,heat-formed item (lightning glass),EPM/yr,1,0,0,0,0,0,0,0,0,0,0,0,0,0,0,0,200,0,100,0,0,0,0,0,0,0,0,0,0,0,0,0,0,0,0,0,0,0,0,0,no,0,0,0,,BUILT,
"glass sand, fine sand","RM_GlassSand, RM_FineSand",F8 sieve,EPM,1,0,0,0,0,0,0,0,0,0,0,0,0,0,0,0,0,0,unbounded,0,0,0,0,0,0,0,0,0,0,0,0,0,0,0,0,0,0,0,0,0,no,0,0,0,,BUILT,"sieve output is labour-limited, not deposit-limited"
tibanna,"OuterRim_Tibanna, KOTOR_Tibanna, RUT_TibannaGas",F7 beldon herds only,UPY,1,0,0,0,0,0,0,0,0,0,0,0,0,0,0,0,0,0,0,0,herd,0,0,0,0,0,0,0,0,0,0,0,0,0,0,0,0,0,0,0,no,0,0,200,,RULED the_forge.md:127,deep weights 2 and 2 → 0
deepchem,VCHE_Deepchem,"F11 deep, Sump only",deep share,35,0,0,0,0,0,0,0,0,0,0,0,0,0,0,0,0,0,0,0,0,0,0,deep-only,0,0,0,0,0,0,0,0,0,0,0,0,0,0,0,2,no,0,0,0,,PROPOSED,
helixien,VHGE_Helixien,"F11 deep, Chill only",deep share,30,0,0,0,deep-only,0,0,0,0,0,0,0,0,0,0,0,0,0,0,deep-only,0,0,0,0,0,0,0,0,0,0,0,0,0,0,0,0,0,0,0,1,no,0,0,0,,PROPOSED,
rime nodules (propane),none yet,F7 plant,EPM/yr,1,0,0,0,0,0,0,0,0,0,0,0,0,0,0,0,0,0,0,300,0,0,0,0,0,0,0,0,0,0,0,0,0,0,0,0,0,0,0,0,no,0,0,0,,PROMISED the_propane_lakes.md:47,
gallium,none yet,F7 off Red Spore shells,EPM/yr,1,0,0,0,0,100,0,0,0,0,0,0,0,0,0,0,0,0,0,0,0,0,0,0,0,0,0,0,0,0,0,0,0,0,0,0,0,0,0,0,no,0,0,0,,PROMISED the_contagion.md:210,
vexxith,RM_Vexxith,F7 shear from the vexxiss,EPM/yr,1,0,0,100,0,0,0,0,0,0,0,0,0,0,0,0,0,0,0,0,0,0,0,0,0,0,0,0,0,0,0,0,0,0,0,0,0,0,0,0,no,0,0,0,,PROMISED (turn-4 ruling),
Mother-of-Scaldpearl,RM_ScaldpearlGrowth → RM_Scaldpearl (unbuilt),F6 vent growth,EPM/yr,1,0,0,0,0,0,0,0,0,0,0,0,0,0,0,0,0,0,0,0,0,0,0,0,0,0,0,0,0,60,0,0,0,0,0,0,0,0,0,0,no,0,0,0,,PROMISED Scald :521,
Rakatan hull shard,RUT_RakatanHullShard (unbuilt),F10 wreck salvage,EPM,1,0,0,0,0,0,0,0,0,0,0,0,0,0,0,0,0,0,0,0,0,0,0,0,0,0,0,0,0,40,0,0,0,0,0,0,0,0,0,0,no,0,0,0,,PROMISED Scald :570,
cortosis,KOTOR_IngotCortosis,F10 salvage + trade,UPY,1,0,0,0,0,0,0,0,0,0,0,0,0,0,0,0,0,0,0,0,0,0,0,0,0,0,0,0,0,0,0,0,0,0,0,0,0,0,0,0,no,0,5,5,,RULED (not mined; 10-02 §3),
rhydonium,KOTOR_RawRhydonium,F10 salvage + trade,UPY,1,0,0,0,0,0,0,0,0,0,0,0,0,0,0,0,0,0,0,0,0,0,0,0,0,0,0,0,0,0,0,0,0,0,0,0,0,0,0,0,no,0,20,20,,RULED (not mined),
bronzium,KOTOR_AlloyBronzium,F10 salvage + trade,UPY,1,0,0,0,0,0,0,0,0,0,0,0,0,0,0,0,0,0,0,0,0,0,0,0,0,0,0,0,0,0,0,0,0,0,0,0,0,0,0,0,no,0,40,40,,RULED (not mined),
KotOR spice,KOTOR_Spice,trade only,UPY,1,0,0,0,0,0,0,0,0,0,0,0,0,0,0,0,0,0,0,0,0,0,0,0,0,0,0,0,0,0,0,0,0,0,0,0,0,0,0,0,no,0,0,30,,RULED (not mined),ore-form drug; a biome sitting may claim it
SW blue crystal,RSW_ResourceBlueCrystal,deep (purpose UNMEASURED),deep share,45,0,0,0,0,0,0,0,0,0,0,0,0,0,0,0,0,0,0,0,0,0,0,0,0,0,0,0,0,0,0,0,0,0,0,0,0,0,0,0,no,0,0,0,,UNMEASURED purpose,held at 0 until its mod's sitting
gravitonium,Gravitonium,deep (Research Retag),deep share,1,0,0,0,0,0,0,0,0,0,0,0,0,0,0,0,0,0,0,0,0,0,0,0,0,0,0,0,0,0,0,0,0,0,0,0,0,0,0,0,no,0,0,2,,UNMEASURED purpose,
donor oddities,"AA_SkySteel, AA_UraniumCrystals, AB_AlcyoniteChunk, DA_Sangonite, GravTide_MineralSandConcentrate, UncuredPlasteel, Force_Synthetic/Bled/CleansedCrystal, guy762_crystalitem_stygium",creature/crafted/other,—,0,0,0,0,0,0,0,0,0,0,0,0,0,0,0,0,0,0,0,0,0,0,0,0,0,0,0,0,0,0,0,0,0,0,0,0,0,0,0,0,no,0,0,0,,NOT MINED TODAY,listed so the coverage check passes; none reach a map through C1-C5. Review at normalization
