biome,defName,label,mod,band,bodySize,commonality,belong,standout,defence,status,reason,promoted
RUT_AridShrubland,FrilledGorg,frilled gorg,Star Wars Animal Collection (Continued),small-runway,0.4000000059604645,1.0,,,0.56,keep,arid_shrubland: bs 0.4 (MEASURED); runway nation,0
RUT_AridShrubland,Gorg,gorg,Star Wars Animal Collection (Continued),small-runway,0.30000001192092896,1.0,,,0.558,keep,arid_shrubland: small band pass: bs 0.3 (MEASURED); runway-nation resident (prep §3.2),0
RUT_AridShrubland,Iriaz,iriaz,Star Wars Animal Collection (Continued),small-herd,0.699999988079071,1.0,,,0.417,keep,arid_shrubland: bs 0.7 (MEASURED) herd herbivore — top small resident,0
RUT_AridShrubland,LongtailGorg,longtail gorg,Star Wars Animal Collection (Continued),medium-interface,0.6000000238418579,1.0,,,0.565,keep,arid_shrubland: bs 0.6 (MEASURED); prep §3.2,0
RUT_AridShrubland,Eopie,eopie,Star Wars Animal Collection (Continued),medium-pack,1.399999976158142,0.8,,,0.455,keep,"arid_shrubland: pack icon, bs 1.4 (MEASURED); prep §3.2",0
RUT_AridShrubland,Kreetle,kreetle,Star Wars Animal Collection (Continued),small-runway,0.20000000298023224,0.8,,,0.605,keep,arid_shrubland: bs 0.2 (MEASURED); prep §3.2,0
RUT_AridShrubland,Lothcat,loth-cat,Star Wars Animal Collection (Continued),small-runway,0.3499999940395355,0.8,,,0.559,keep,"arid_shrubland: icon (bs 0.35, MEASURED); prep §3.2",0
RUT_AridShrubland,Mudhorn,mudhorn,Star Wars Animal Collection (Continued),huge-predator-exception,4,0.8,,,0.73,keep,arid_shrubland: owner card 2026-09-09: the ONE huge-predator icon exception to the giants-are-indifferent law,0
RUT_AridShrubland,Ronto,ronto,Star Wars Animal Collection (Continued),huge-grazer,6,0.8,,,0.717,keep,"arid_shrubland: indifferent giant, herd (prep §3.2); the giants' floor",0
RUT_AridShrubland,Scurrier,scurrier,Star Wars Animal Collection (Continued),small-runway,0.20000000298023224,0.8,,,0.555,keep,arid_shrubland: bs 0.2 (MEASURED); small-band legal here (no small speed ban); prep §3.2,0
RUT_AridShrubland,Sketto,sketto,Star Wars Animal Collection (Continued),small-runway,0.4000000059604645,0.8,,,0.56,keep,arid_shrubland: bs 0.4 (MEASURED); prep §3.2,0
RUT_AridShrubland,Igitz,igitz,Star Wars Animal Collection (Continued),small-runway,0.3199999928474426,0.7,,,0.558,keep,"arid_shrubland: SW small predator, bs 0.32 (MEASURED) — under-fuzz hunter",0
RUT_AridShrubland,RSW_ImperialToad,imperial toad,RimMandrake: SW — Bestiary,small-runway,0.3,0.7,,,,keep,"arid_shrubland: bs 0.3 (MEASURED); prep §3.2; ROSTER_DEAD_BMT_NAMES_SWEEP_1: renamed from BMT_ImperialToad to the already-ported, already-wired RSW_ name (RUT_AridShrubland)",0
RUT_AridShrubland,Terrorworm,terrorworm,Horrors (Continued),medium-tunnel,0.6000000238418579,0.7,,,0.657,keep,"arid_shrubland: tunnel-shaped predator — ""long, thin, terrible things shaped like the corridors"" donor (prep §3.4)",0
RUT_AridShrubland,Urusai,urusai,Star Wars Animal Collection (Continued),medium-interface,0.75,0.7,,,0.619,keep,arid_shrubland: bs 0.75 (MEASURED); prep §3.2,0
RUT_AridShrubland,Kybuck,kybuck,Star Wars Animal Collection (Continued),medium-runner,1,0.6,,,0.425,keep,"arid_shrubland: non-predator runner, bs 1.0 spd 6.0 (MEASURED); prep §3.2",0
RUT_AridShrubland,Massiff,massiff,Star Wars Animal Collection (Continued),medium-interface,0.8500000238418579,0.6,,,0.611,keep,"arid_shrubland: owner card 2026-09-09: Massiff to shrubland medium band; bs 0.85, spd 5.0 legal HERE (prep §3.2 tunnel-runner shape)",0
RUT_AridShrubland,Bantha,bantha,Star Wars Animal Collection (Continued),huge-grazer,4,0.5,,,0.5,keep,arid_shrubland: icon herd giant (prep §3.2),0
RUT_AridShrubland,Pufferpig,Pufferpig,Star Wars Animal Collection (Continued),small-runway,0.5,0.5,,,0.413,keep,"arid_shrubland: SW small non-predator, bs 0.5 (MEASURED)",0
RUT_AridShrubland,VAEWaste_Hydra,hydra,Vanilla Animals Expanded — Waste Animals,,0.3499999940395355,0.5,,,0.559,import,arid_shrubland: owner review 2026-09 (round2 move mapping): venomvine patch predator,0
RUT_AridShrubland,Anooba,anooba,Star Wars Animal Collection (Continued),medium-interface,0.949999988079071,0.4,,,0.574,adjust-keep,"arid_shrubland: interface killer, bs 0.95 spd 5.0 (MEASURED; prep §3.2); comm raised 0.16→0.4 absorbing its Desert eviction",0
RUT_AridShrubland,Corinathoth,corinathoth,Star Wars Animal Collection (Continued),huge-grazer,4,0.4,,,0.6,keep,"arid_shrubland: slow herd giant, bs 4.0 spd 2.0 (MEASURED); prep §3.2",0
RUT_AridShrubland,Gizka,gizka,Star Wars Animal Collection (Continued),small-runway,0.18000000715255737,0.4,,,0.555,keep,arid_shrubland: icon; bs 0.18 (MEASURED),0
RUT_AridShrubland,Nuna,nuna,Star Wars Animal Collection (Continued),small-runway,0.6000000238418579,0.4,,,0.415,keep,"arid_shrubland: SW herbivore bird, bs 0.6 (MEASURED)",0
RUT_AridShrubland,Worrt,worrt,Star Wars Animal Collection (Continued),small-runway,0.6000000238418579,0.4,,,0.585,keep,arid_shrubland: bs 0.6 boundary (MEASURED); slow ambusher,0
RUT_AridShrubland,RSW_MossBeetle,moss beetle,RimMandrake: SW — Bestiary,small-runway,0.45,0.3,,,,keep,"arid_shrubland: bs 0.45 non-predator (MEASURED); soil-floor texture (first true soil, §4); ROSTER_DEAD_BMT_NAMES_SWEEP_1: renamed from BMT_MossBeetle to the already-ported, already-wired RSW_ name (RUT_AridShrubland). Cut by the Lantern Deeps sheet 2026-09-19, which under the owner's 2026-09-21 ruling is scoped to that sheet's biome only — it stays admitted here",0
RUT_AridShrubland,AA_Cactipine,cactipine,Alpha Animals,small-venom,0.5,0.25,,,0.562,keep,"arid_shrubland: venom-quilled small, bs 0.5 (MEASURED)",0
RUT_AridShrubland,Grank,Grank,Star Wars Animal Collection (Continued),medium-interface,0.8500000238418579,0.2,,,0.621,keep,"arid_shrubland: SW interface killer, bs 0.85 spd 5.0 (MEASURED)",0
RUT_AridShrubland,Qormot,qormot,Star Wars Animal Collection (Continued),medium-interface,1,0.2,,,0.575,keep,"arid_shrubland: SW edge-pouncer, bs 1.0 (MEASURED)",0
RUT_AridShrubland,Strill,strill,Star Wars Animal Collection (Continued),medium-interface,1,0.2,,,0.615,keep,"arid_shrubland: SW icon (Mandalorian strill), bs 1.0 (MEASURED)",0
RUT_AridShrubland,Cannok,cannok,Star Wars Animal Collection (Continued),medium-interface,0.8500000238418579,0.16,,,0.581,keep,"arid_shrubland: SW (KOTOR), bs 0.85 (MEASURED)",0
RUT_AridShrubland,Whisperbird,whisperbird,Star Wars Animal Collection (Continued),flier-interface,0.4000000059604645,0.15,,,0.56,keep,arid_shrubland: SW bird-analog — the dive route on the interface (§4),0
RUT_AridShrubland,AA_Needlepost,needlepost,Alpha Animals,small-venom,0.7900000214576721,0.1,,,0.47,adjust-keep,"arid_shrubland: venom-armed small (register venomous, MEASURED special); signature boost",0
RUT_AridShrubland,Pikobis,pikobis,Star Wars Animal Collection (Continued),medium-runner,0.6000000238418579,0.1,,,0.565,keep,"arid_shrubland: SW, bs 0.6 (MEASURED)",0
RUT_AridShrubland,Convor,convor,Star Wars Animal Collection (Continued),flier-interface,0.4000000059604645,0.08,,,0.56,keep,arid_shrubland: SW icon bird-analog,0
RUT_AridShrubland,Vulptex,vulptex,Star Wars Animal Collection (Continued),small-runway,0.550000011920929,0.08,,,0.584,keep,arid_shrubland: SW icon (Crait); bs 0.55 (MEASURED),0
RUT_AridShrubland,FeralNerf,feral nerf,Star Wars Animal Collection (Continued),medium-runner,1,0.04,,,0.425,keep,arid_shrubland: bs 1.0 non-predator (MEASURED),0
RUT_AridShrubland,Porg,porg,Star Wars Animal Collection (Continued),small-runway,0.18000000715255737,0.04,,,0.555,keep,arid_shrubland: SW icon; bs 0.18 (MEASURED),0
RUT_AridShrubland,AA_Wildpod,wildpod,Alpha Animals,huge-sessile,4,0.025,,,0.8,keep,"arid_shrubland: bs 4.0 slow venm pod (MEASURED spd 3.0) — indifferent, plant-like giant",0
RUT_AridShrubland,Voorpak,voorpak,Star Wars Animal Collection (Continued),small-runway,0.3499999940395355,0.02,,,0.559,keep,arid_shrubland: SW small; bs 0.35 (MEASURED),0
RUT_AridShrubland,KowakianMonkeyLizard,kowakian monkey-lizard,Star Wars Animal Collection (Continued),small-runway,0.3499999940395355,0.01,,,0.559,keep,arid_shrubland: SW icon; bs 0.35 (MEASURED),0
RUT_Contagion,AA_OcularJelly,ocular jelly,Alpha Animals,the-eyes,0.5,2.0,,,0.413,keep,the_contagion: §4 ruled table: donor 2.0 — the sensory organ; sinks seconds before a Burn (the player tell),0
RUT_Contagion,AA_RedSpore,red spore,Alpha Animals,the-leaker,2,0.85,,,0.5,keep,"the_contagion: §4 ruled table: donor 0.85 — gallium-based, the ruled UV-walking leaker (ban 2 carve-out)",0
RUT_Contagion,AA_RedGoo,red goo,Alpha Animals,the-body,0.5,0.75,,,0.413,keep,the_contagion: §4 ruled table: the body — donor 0.75 restored (register shows 0.375 MEASURED); buds new forms every Bloom,0
RUT_Contagion,AA_Eyeling,ikee,Alpha Animals,wretched-small,0.4000000059604645,0.6,,,0.56,import,the_contagion: owner review 2026-09 (round2 move mapping): ocular,0
RUT_Contagion,AA_FungalHusk,fungal husk,Alpha Animals,,1,0.5,,,0.575,import,"the_contagion: owner review 2026-09 (round2 move mapping): occular | SIZE RULED: 2 cells (drawSize 2, medium bin) (sitting ruling 2026-09-10)",0
RUT_Contagion,AA_InfectedAerofleet,infected aerofleet,Alpha Animals,the-sower,0.20000000298023224,0.5,,,0.405,keep,"the_contagion: §4 ruled table: donor 0.5 — rides the storm updraft, pops in sunlight",0
RUT_Contagion,AA_OcularNightling,ocular nightling,Alpha Animals,,1.2000000476837158,0.5,,,0.58,import,the_contagion: owner review 2026-09 (round2 move mapping): occular,0
RUT_Contagion,AG_OcularSlinger,ocular slinger,Alpha Genes,,2.5,0.5,,,0.796,import,the_contagion: owner review 2026-09 (round2 move mapping): contagion,0
RUT_Contagion,GR_Fleshling,fleshling,Vanilla Genetics Expanded,,0.20000000298023224,0.5,,,0.405,import,the_contagion: owner review 2026-09 (round2 move mapping): Contagion,0
RUT_Contagion,AA_BloodShrimp,blood shrimp,Alpha Animals,the-drinker,1,0.2,,,0.658,adjust-keep,the_contagion: §4 ruled table: hunts warm blood at the red pools — the reason visitors die at the water's edge; comm raised 0.035→0.2 so the pools actually kill,0
RUT_Contagion,AA_Drainer,drainer,Alpha Animals,the-thieves,0.5,0.15,,,0.413,adjust-keep,the_contagion: §4 ruled table: taps the ocular trees; ruinous to anything a visitor grows; ubiquity-25 TRIM satisfied — this is its named home (prep §9),0
RUT_Contagion,AA_Razorjack,razorjack,Alpha Animals,the-pickers,1,0.15,,,0.575,adjust-keep,the_contagion: §4 ruled table: fast omnivore on the carcass economy; infecter special (MEASURED) on-theme,0
RUT_Contagion,AA_Helixien,helixien,Alpha Animals,the-undertaker,4,0.1,,,0.65,adjust-keep,"the_contagion: §4 ruled table: corrosive disposal of the Unfinished, faster than the goo reabsorbs; bs 4 / spd 0.6 (MEASURED)",0
RUT_Contagion,AA_RoughPlatedMonitor,rough-plated monitor,Alpha Animals,the-basker,2,0.1,,,0.75,keep,"the_contagion: §4 ruled table: UV-armored (acid immunity MEASURED), comes OUT in the Burn — predator-of-the-window (ban 2 armored carve-out)",0
RUT_Contagion,AA_Swarmling,swarmling,Alpha Animals,the-pickers,0.30000001192092896,0.1,,,0.558,adjust-keep,the_contagion: §4 ruled table; ubiquity-25 TRIM satisfied — a named home (prep §9),0
RUT_Contagion,AA_DrainerLarva,drainer larva,Alpha Animals,the-thieves,0.10000000149011612,0.05,,,0.403,keep,the_contagion: §4 ruled table (with Drainer); changes-into-another-creature special (MEASURED) is the biome's unfinishedness in a donor def,0
RUT_CrackedLands,DA_RockTroll,rock troll,Dark Ages : Beasts and Monsters,,4.5,0.5,,,0.95,import,the_cracked_lands: owner review 2026-09 (round2 move mapping): Cracked biome,0
RUT_CrackedLands,RSW_SandPillar,sandpillar,RimMandrake: SW — Bestiary,,0.8,0.5,,,,import,"the_cracked_lands: owner review 2026-09 (round2 move mapping): cracked land | WIRED 2026-09-23 (ROSTER_DEAD_BMT_NAMES_SWEEP_1 step 4) at 0.5 onto RM_FloodedCanyon via UtinniPatches/Patches/WildAnimals_CrackedLands.xml op 2, NOT onto the frozen RUT_CrackedLands. bodySize 0.80 = SMALL, so this raises the small share and cannot break ECOSYSTEM_PYRAMID_LAW_1.",0
RUT_CrackedLands,RSW_MutagenicNorphea,mutagenic norphea,RimMandrake: SW — Bestiary,the-Sealed,0.32,0.4,,,,keep,"the_cracked_lands: §10 Sealed: lies-dormant-until-woken special (MEASURED) — the donor mechanic for creatures that sleep through the dry years (prep §1.4's 107-dormant-rows family); wake trigger re-pointed at water rides the flora/mechanics item; ROSTER_DEAD_BMT_NAMES_SWEEP_1: renamed from BMT_MutagenicNorphea to the already-ported, already-wired RSW_ name (RUT_CrackedLands)",0
RUT_CrackedLands,Gornt,gornt,Star Wars Animal Collection (Continued),the-Patient,0.8500000238418579,0.3,,,0.571,keep,"the_cracked_lands: §10 Patient: ambush country — the kill happens at the seep and the shade line; predator bs 0.85 / spd 4.6 (MEASURED), an edge-pouncer not a pursuit sprinter (no speed ban in this sheet)",0
RUT_CrackedLands,Eopie,eopie,Star Wars Animal Collection (Continued),the-Patient,1.399999976158142,0.25,,,0.455,keep,the_cracked_lands: §10 Patient: moss-browser on the real shade soil; SW icon carve-out (§6 ban 7); herd special (MEASURED),0
RUT_CrackedLands,AA_Murkling,murkling,Alpha Animals,the-Spenders,0.3499999940395355,0.2,,,0.409,adjust-keep,the_cracked_lands: §10 Spenders: corpse decayer (MEASURED) — the flood delivers its own drowned dead and this eats the first feast; ubiquity-25 TRIM satisfied: a named home (prep §9),0
RUT_CrackedLands,CanCell,can-cell,Star Wars Animal Collection (Continued),flier-commuter,1.4500000476837158,0.2,,,0.616,keep,"the_cracked_lands: §4: the fliers' country — feeds in the chasms, NESTS IN THE DESERT (ban 4); some dip to fish at the 27 water tiles (R6/FISH_BY_BIOME_1); flier claim UNMEASURED (broken flag)",0
RUT_CrackedLands,Convor,convor,Star Wars Animal Collection (Continued),flier-commuter,0.4000000059604645,0.2,,,0.56,import,the_cracked_lands: §4 fliers + R17; SW icon; imported from the Contagion eviction; nests in Desert (ban 4); flier UNMEASURED,0
RUT_CrackedLands,RSW_SandLeaper,sand leaper,RimMandrake: SW — Bestiary,the-Spenders,0.2,0.2,,,,adjust-keep,"the_cracked_lands: §10 Spenders: small frantic flood-week life; comm trimmed 1.0→0.2 — 'you see nothing all day' bars a standing high-comm small; ROSTER_DEAD_BMT_NAMES_SWEEP_1: renamed from BMT_SandLeaper to the already-ported, already-wired RSW_ name (RUT_CrackedLands)",0
RUT_CrackedLands,RSW_Creature_Mantrap,mantrap,RimMandrake: SW — Bestiary,the-Patient,0.77,0.15,,,,import,"the_cracked_lands: §10/R6: sit-and-wait lure predator (lure-prey special, spd 0.15 MEASURED) — the no-truce kill at the hidden water, embodied; imported from Scarlands; ROSTER_DEAD_BMT_NAMES_SWEEP_1: renamed from BMT_Creature_Mantrap to the already-ported, already-wired RSW_ name (RUT_CrackedLands)",0
RUT_CrackedLands,Woolamander,woolamander,Star Wars Animal Collection (Continued),flier-commuter,0.75,0.15,,,0.419,import,the_cracked_lands: §4 fliers + R17; imported from the Scarlands eviction; nests in Desert (ban 4); flier UNMEASURED,0
RUT_CrackedLands,AA_SandSquid,sand squid,Alpha Animals,the-Sealed,2,0.1,,,0.683,adjust-keep,"the_cracked_lands: §10 Sealed: terrain-changer burrower, slow (spd 1 MEASURED) — a buried sleeper under the pans; comm raised 0.0025→0.1",0
RUT_Desert,Bantha,bantha,Star Wars Animal Collection (Continued),huge-herd,4,0.8,,,0.5,adjust-keep,desert: ICON; herd = mobile shade structure (desert.md §4); comm raised 0.5→0.8 per prep §2.2 recommendation,0
RUT_Desert,Kreetle,kreetle,Star Wars Animal Collection (Continued),ambush-small,0.20000000298023224,0.8,,,0.605,keep,desert: ban 3 pass: predator spd 3.5 < 4.5 (MEASURED); patch-rim ambusher (prep §2.2),0
RUT_Desert,RSW_Jellypot,jellypot,RimMandrake: SW — Bestiary,ambush-small,0.65,0.7,,,,keep,"desert: sits-and-waits — ""own a shadow"" predator in one def (prep §2.2); spd 1.65 (MEASURED); ROSTER_DEAD_BMT_NAMES_SWEEP_1: renamed from BMT_Jellypot to the already-ported, already-wired RSW_ name (RUT_Desert)",0
RUT_Desert,Shyrack,shyrack,Star Wars Animal Collection (Continued),ambush-flier,0.75,0.6,,,0.639,keep,desert: ban 3 pass: spd 1.5 (MEASURED); cave-mouth ambusher,0
RUT_Desert,AA_GreatDevourer,great devourer,Alpha Animals,,2.5,0.5,,,0.746,import,desert: owner review 2026-09 (round2 move mapping): Relative of the Sarlacc wandering the desert,0
RUT_Desert,AA_Groundrunner,groundrunner,Alpha Animals,,2,0.5,,,0.65,import,desert: owner review 2026-09 (round2 move mapping): desert,0
RUT_Desert,AA_MatureFleshbeast,mature fleshbeast,Alpha Animals,,6,0.5,,,0.65,import,"desert: owner review 2026-09 (round2 move mapping): desert, immature sarlacc",0
RUT_Desert,AA_SandLion,sand lion,Alpha Animals,,2,0.5,,,0.6,import,desert: owner review 2026-09 (round2 move mapping): Sand burrower swimmer deserts,0
RUT_Desert,JOE_Cephalope,cephalope,Cephaloids,,1.2000000476837158,0.5,,,0.58,import,"desert: owner review 2026-09 (round2 move mapping): sand burrower & swimmer, absorb & retire mod, anywhere there is deep hot sand",0
RUT_Desert,JOE_Landopus,landopus,Cephaloids,,0.15000000596046448,0.5,,,0.554,import,desert: owner review 2026-09 (round2 move mapping): desert water defender type,0
RUT_Desert,RSW_Stoneback,bokka,RimMandrake: SW — Bestiary,,0.4,0.5,,,,import,"desert: owner review 2026-09 (round2 move mapping): Anywhere on the dayside where it might be needed. 1.2 cells; ROSTER_DEAD_BMT_NAMES_SWEEP_1: renamed from BMT_Stoneback to the already-ported, already-wired RSW_ name (RUT_Desert); STONEBACK_DEFNAME_COLLISION_1: confirmed as the BOKKA (the surviving RSW_Stoneback). owner 2026-09-22 (identity sheet + sitting): the bokka ""goes into any arid biome where it's needed (desert, extreme desert, or other hot arid day-side)"". Stays wired RUT_Desert 0.5; owner 2026-09-22, correcting BENCH: ""I meant pick one arid home."" The arid biomes he listed were the CANDIDATE set, not an assignment — a shared habitat class is NOT an in-game reason to multi-home an animal (BIOME_SPECIFIC_FAUNA_LAW_1). THIS IS THE BOKKA'S ONE HOME. Chosen over the Stillsand because it is the pre-existing, deployed wiring AND because the Long Shade is one of the six rosters that FAIL the food-pyramid law (45.0% small): pulling a bodySize-0.4 animal at 0.5 commonality out of it would make a failing pyramid worse. If ""where it is needed"" should instead mean the thinner Stillsand (15 species vs 53), it is a one-line move",0
RUT_Desert,RSW_TruffleMole,truffle mole,RimMandrake: SW — Bestiary,,0.9,0.5,,,,import,"desert: owner review 2026-09 (round2 move mapping): sand burrower, desert & extreme desert, 0.4 cells; ROSTER_DEAD_BMT_NAMES_SWEEP_1: renamed from BMT_TruffleMole to the already-ported, already-wired RSW_ name (RUT_Desert)",0
RUT_Desert,AA_DesertAve,desert ave,Alpha Animals,navigator,1,0.4,,,0.425,keep,desert: fast NON-predator = endurance-navigator archetype; ban 3 bans only pursuit predators (prep §2.5 q3: yes),0
RUT_Desert,Gorg,gorg,Star Wars Animal Collection (Continued),ambush-small,0.30000001192092896,0.4,,,0.558,keep,"desert: SW ambush frog, spd 2.9 (MEASURED) — positional (prep §2.2)",0
RUT_Desert,Gutkurr,gutkurr,Star Wars Animal Collection (Continued),burst-predator,2,0.4,,,0.78,adjust-keep,desert: owner card 2026-09-09: slowed 4.5→4.4 — legal burst predator under ban 3,0
RUT_Desert,Jamel,Jamel,Star Wars Animal Collection (Continued),herd,1.899999976158142,0.4,,,0.447,keep,"desert: slow herd endurer, camel-analog inside the familiar-architecture carve-out (prep §2.2; ban 9 wants architecture, not nameable species)",0
RUT_Desert,LongtailGorg,longtail gorg,Star Wars Animal Collection (Continued),ambush-small,0.6000000238418579,0.4,,,0.565,keep,"desert: SW ambush frog, spd 2.3 (MEASURED)",0
RUT_Desert,Ronto,ronto,Star Wars Animal Collection (Continued),huge-herd,6,0.4,,,0.717,keep,"desert: icon, herd, leggy giant — carries its own shade (prep §2.2)",0
RUT_Desert,Sketto,sketto,Star Wars Animal Collection (Continued),ambush-small,0.4000000059604645,0.4,,,0.56,keep,"desert: desert skitterer, spd 3.0 (MEASURED) (prep §2.2)",0
RUT_Desert,WompRat,womp rat,Star Wars Animal Collection (Continued),ambush-small,0.75,0.4,,,0.569,keep,desert: ban 3 pass: spd 3.9 < 4.5 (MEASURED); icon; also injected on the Fall Line,0
RUT_Desert,Wraid,wraid,Star Wars Animal Collection (Continued),burst-predator,3,0.4,,,0.758,adjust-keep,desert: owner card 2026-09-09: slowed 5.0→4.4 — legal burst predator under ban 3 proxy (predator + spd < 4.5),0
RUT_Desert,Eopie,eopie,Star Wars Animal Collection (Continued),herd,1.399999976158142,0.3,,,0.455,keep,desert: icon pack animal (prep §2.2); spd 4.3 non-pursuit,0
RUT_Desert,Hrumph,hrumph,Star Wars Animal Collection (Continued),herd,2.5,0.3,,,0.463,import,desert: bulk-move from shrubland (bs 2.5 in banned 1.5–3.5 there); spd 4.5 non-pred,0
RUT_Desert,IridonianReek,iridonian reek,Star Wars Animal Collection (Continued),herd,3,0.3,,,0.522,import,desert: bulk-move; herd herbivore spd 5.5 non-pred (MEASURED),0
RUT_Desert,Jimvu,jimvu,Star Wars Animal Collection (Continued),herd,2,0.3,,,0.45,import,"desert: bulk-move; fast herbivore (spd 6.0 non-pred, MEASURED) — endurance navigator",0
RUT_Desert,Kwi,Kwi,Star Wars Animal Collection (Continued),herd,3,0.3,,,0.545,import,desert: bulk-move; herd herbivore spd 5.0 non-pred (MEASURED),0
RUT_Desert,Skalder,skalder,Star Wars Animal Collection (Continued),huge-herd,4,0.3,,,0.623,import,desert: herds wanted — mobile shade (prep §1.3: herd giants belong to Desert),0
RUT_Desert,Uvak,uvak,Star Wars Animal Collection (Continued),herd,3,0.3,,,0.625,import,"desert: bulk-move of SW herd stock from shrubland (prep §3.3/§3.5, accepted); spd 3.0 (MEASURED)",0
RUT_Desert,Varactyl,varactyl,Star Wars Animal Collection (Continued),herd,3,0.3,,,0.475,import,desert: bulk-move; fast herbivore legal (ban 3 bans predators only); spd 5.5 non-pred (MEASURED),0
RUT_Desert,Zeer,zeer,Star Wars Animal Collection (Continued),herd,3,0.3,,,0.475,import,desert: bulk-move from shrubland large band (ban 4 there); spd 3.0 herd herbivore (MEASURED),0
RUT_Desert,AA_Needleroll,needleroll,Alpha Animals,grain,0.15000000596046448,0.2,,,0.429,keep,"desert: light-feeder, non-pursuit (MEASURED spd 2.5); dual home with ExtremeDesert",0
RUT_Desert,Falumpaset,falumpaset,Star Wars Animal Collection (Continued),herd,3,0.2,,,0.625,import,"desert: SW pack herbivore, spd 4.3 (MEASURED); prep §11 flagged it homeless without a move",0
RUT_Desert,FrilledGorg,frilled gorg,Star Wars Animal Collection (Continued),ambush-small,0.4000000059604645,0.2,,,0.56,keep,"desert: SW ambush frog, spd 2.3 (MEASURED)",0
RUT_Desert,Jakobeast,jakobeast,Star Wars Animal Collection (Continued),herd,2.5999999046325684,0.2,,,0.465,import,desert: bulk-move; herd herbivore spd 4.5 (MEASURED),0
RUT_Desert,Nerf,nerf,Star Wars Animal Collection (Continued),herd,2,0.2,,,0.45,keep,"desert: SW icon herd beast, spd 3.2 (MEASURED)",0
RUT_Desert,Nuna,nuna,Star Wars Animal Collection (Continued),herd-small,0.6000000238418579,0.2,,,0.415,keep,"desert: SW herbivore bird, spd 3.0 (MEASURED)",0
RUT_Desert,Shaak,shaak,Star Wars Animal Collection (Continued),herd,2,0.2,,,0.45,import,desert: bulk-move; slow herd grazer spd 2.4 (MEASURED),0
RUT_Desert,TeeMuss,tee muss,Star Wars Animal Collection (Continued),herd,2.0999999046325684,0.2,,,0.452,import,desert: bulk-move; herd herbivore spd 4.3 (MEASURED),0
RUT_Desert,Worrt,worrt,Star Wars Animal Collection (Continued),ambush-small,0.6000000238418579,0.2,,,0.585,keep,"desert: Tatooine ambush frog, spd 2.5 (MEASURED) — positional icon",0
RUT_Desert,Bolotaur,bolotaur,Star Wars Animal Collection (Continued),herd,3,0.1,,,0.475,import,desert: bulk-move; fast herbivore spd 5.5 non-pred (MEASURED),0
RUT_Desert,Clodhopper,clodhopper,Star Wars Animal Collection (Continued),ambush-small,0.5,0.1,,,0.572,keep,"desert: SW small, spd 2.0 (MEASURED) — positional",0
RUT_Desert,FeralGrazer,feral grazer,Star Wars Animal Collection (Continued),herd,2,0.1,,,0.51,import,desert: bulk-move; slow grazer spd 2.0 (MEASURED),0
RUT_Desert,Gizka,gizka,Star Wars Animal Collection (Continued),ambush-small,0.18000000715255737,0.1,,,0.555,keep,desert: icon (KOTOR); spd 3.0 (MEASURED),0
RUT_Desert,Iriaz,iriaz,Star Wars Animal Collection (Continued),herd-small,0.699999988079071,0.1,,,0.417,keep,"desert: SW herd herbivore, spd 4.0 non-predator (MEASURED)",0
RUT_Desert,Krykna,krykna,Star Wars Animal Collection (Continued),ambush-small,0.800000011920929,0.1,,,0.703,keep,desert: SW desert spider icon (Rebels); spd 2.5 positional (MEASURED),0
RUT_Desert,Runyip,runyip,Star Wars Animal Collection (Continued),herd,1.5,0.1,,,0.457,import,desert: bulk-move; slow forager spd 2.0 (MEASURED),0
RUT_Desert,AA_Gigantelope,gigantelope,Alpha Animals,herd,2,0.05,,,0.45,keep,"desert: herd herbivore, spd 4.5 non-predator (ban 3 bans predators only)",0
RUT_Desert,AA_SandProwler,sand prowler,Alpha Animals,ambush-burrow,2,0.05,,,0.6,keep,"desert: sand-burrow ambush is legal off pavement (§4: ""some sand burrowing is possible wherever sand exists""); ban 6 covers pavement only; spd 4.0 < 4.5",0
RUT_Desert,Voorpak,voorpak,Star Wars Animal Collection (Continued),ambush-small,0.3499999940395355,0.05,,,0.559,keep,"desert: SW small, spd 3.0 (MEASURED)",0
RUT_Desert,AA_Terramorph,terramorph,Alpha Animals,ambush-flat,1.5,0.035,,,0.646,keep,"desert: flat oriented terrain-mimic — ""anything hiding becomes flat and oriented"" (§4); spd 1.8 (MEASURED)",0
RUT_Desert,AA_SandSquid,sand squid,Alpha Animals,subsurface-slow,2,0.025,,,0.683,keep,"desert: slow sand-filter body (spd 1.0, MEASURED) — reads the buried-canopy layer (§4b)",0
RUT_Desert,AA_MammothWorm,mammoth worm,Alpha Animals,subsurface-slow,3,0.015,,,0.842,keep,"desert: slow burrower-predator spd 2.0 < 4.5 (MEASURED), soft-sand positional",0
RUT_Desert,Horax,horax,Star Wars Animal Collection (Continued),megafauna,15,0.01,,,0.95,import,"desert: interim burst-flagship stat-passer named by prep §2.4: bs 15, spd 2.0 predator < 4.5 — positional megafauna until the shade-whale def lands",0
RUT_ExtremeDesert,AA_SandLion,sand lion,Alpha Animals,,2,0.5,,,0.6,import,dune_sea + deep_desert: owner review 2026-09 (round2 move mapping): Sand burrower swimmer deserts,0
RUT_ExtremeDesert,JOE_Cephalope,cephalope,Cephaloids,,1.2000000476837158,0.5,,,0.58,import,"dune_sea + deep_desert: owner review 2026-09 (round2 move mapping): sand burrower & swimmer, absorb & retire mod, anywhere there is deep hot sand",0
RUT_ExtremeDesert,RSW_TruffleMole,truffle mole,RimMandrake: SW — Bestiary,,0.9,0.5,,,,import,"dune_sea + deep_desert: owner review 2026-09 (round2 move mapping): sand burrower, desert & extreme desert, 0.4 cells; ROSTER_DEAD_BMT_NAMES_SWEEP_1: renamed from BMT_TruffleMole to the already-ported, already-wired RSW_ name (RUT_ExtremeDesert)",0
RUT_ExtremeDesert,AA_Needleroll,needleroll,Alpha Animals,grain-scale,0.15000000596046448,0.3,,,0.429,adjust-keep,dune_sea + deep_desert: passes R22: bs 0.15 (MEASURED); non-pursuit; feeds on light — fits eternal-noon energy surplus (dune sea §2); trimmed 0.75→0.3 for sparseness target,0
RUT_ExtremeDesert,Kreetle,kreetle,Star Wars Animal Collection (Continued),grain-scale,0.20000000298023224,0.2,,,0.605,keep,dune_sea + deep_desert: passes R22: bs 0.2 (MEASURED); SW desert beetle (prep §1.2),0
RUT_ExtremeDesert,WarWyrm,war wyrm,Star Wars Animal Collection (Continued),giant,15,0.2,,,1.0,keep,dune_sea + deep_desert: owner card 2026-09-09: ruled a BURROWER — subsurface-strike read satisfies R22 predator law; bs 15 passes size (MEASURED),0
RUT_ExtremeDesert,AA_Eyeling,ikee,Alpha Animals,grain-scale,0.4000000059604645,0.15,,,0.56,adjust-keep,dune_sea + deep_desert: passes R22: bs 0.13 (MEASURED); subsurface-plausible micro-fauna (prep §1.2); trimmed 0.25→0.15 for sparseness,0
RUT_ExtremeDesert,AA_SpinedGow,spined gow,Alpha Animals,plated-grazer,2.75,0.15,,,0.469,import,dune_sea + deep_desert: owner review 2026-09 (round2 move mapping): extreme desert,0
RUT_ExtremeDesert,KraytDragon,krayt dragon,Star Wars Animal Collection (Continued),giant,12,0.15,,,0.95,keep,"dune_sea + deep_desert: passes R22: bs 12 (MEASURED); ICON — canonical dune-swimmer, subsurface strike is its native read (prep §1.2)",0
RUT_ExtremeDesert,AA_Dunealisk,dunealisk,Alpha Animals,giant-subsurface,2,0.1,,,0.85,import,"dune_sea + deep_desert: subsurface strike only — the one legal predator archetype (dune sea §6, prep §1.4)",0
RUT_ExtremeDesert,GraniteSlug,granite slug,Star Wars Animal Collection (Continued),grain-scale,0.20000000298023224,0.1,,,0.605,keep,"dune_sea + deep_desert: passes R22 size law: bs 0.2, spd 1.0 (MEASURED); slow mineral-eater, alien; prep §1.2 model grain resident; §9 trims it to dune sea + poison forest",0
RUT_ExtremeDesert,Scurrier,scurrier,Star Wars Animal Collection (Continued),grain-scale,0.20000000298023224,0.1,,,0.555,adjust-keep,dune_sea + deep_desert: passes R22: bs 0.2 (MEASURED); owner card 2026-09-09: trimmed to commonality ≤0.1 grain-scale here,0
RUT_ExtremeDesert,AA_BoulderMit,bouldermit,Alpha Animals,giant,4,0.025,,,0.733,keep,"dune_sea + deep_desert: passes R22: bs 4.0, spd 1.0 (MEASURED); slow dormant-looking giant (prep §1.2)",0
RUT_ExtremeDesert,Gizka,gizka,Star Wars Animal Collection (Continued),grain-scale,0.18000000715255737,0.01,,,0.555,keep,"dune_sea + deep_desert: passes R22: bs 0.18 (MEASURED); SW icon (KOTOR), carve-out (dune sea ban list: icons protected)",0
RUT_ExtremeDesert,GreaterKraytDragon,greater krayt dragon,Star Wars Animal Collection (Continued),giant,15,0.001,,,0.95,keep,dune_sea + deep_desert: passes R22: bs 15 (MEASURED); icon; commonality already correctly near-zero (prep §1.2),0
RUT_ExtremeDesert,AA_TetraSlug,tetra slug,Alpha Animals,giant,5,0.0005,,,0.65,keep,"dune_sea + deep_desert: passes R22: bs 5.0, spd 0.6 (MEASURED); barely-moving alien giant (prep §1.2)",0
RUT_FeverWood,AA_SmallButterfly,small butterflies,Alpha Animals,,0.009999999776482582,0.5,,,0.55,import,"the_fever_wood: owner review 2026-09 (round2 move mapping): 0.2 cell, flits around the arid shrubland  | PLACED: the_greentide + the_fever_wood — owner note: move to jungle (homeless disposition sitting, frozen 2026-09-10)",0
RUT_FeverWood,RSW_GlowSlug,glowbulb,RimMandrake: SW — Bestiary,sap-drinker,0.4,0.5,,,,keep,"the_fever_wood: §4 sap-drinkers at the bark; spd 0.8 (MEASURED) — the stillness incarnate; MIASMA_FEVERWOOD_GREENTIDE_BMT_1: renamed from BMT_GlowSlug to the already-ported, already-wired RSW_ name (RUT_FeverWood at 0.5)",0
RUT_FeverWood,Urusai,urusai,Star Wars Animal Collection (Continued),crown-flier,0.75,0.5,,,0.619,keep,"the_fever_wood: §4 crown residents in ambivalent harmony; patient scavenger-predator, spd 3.0 (MEASURED) — waits, does not chase",0
RUT_FeverWood,VFEI2_Megathrips,megathrips,Vanilla Factions Expanded - Insectoids 2,wood-borer,0.3499999940395355,0.5,,,0.742,keep,the_fever_wood: §4 borers eating cave-systems into living wood; small patient predator allowed by §4,0
RUT_FeverWood,Gelagrub,gelagrub,Star Wars Animal Collection (Continued),crown-grazer,2.4000000953674316,0.4,,,0.51,adjust-keep,the_fever_wood: §4 canopy grazers; herd grub (MEASURED special); comm 0.18→0.4 — the crown is where the life is,0
RUT_FeverWood,Nuna,nuna,Star Wars Animal Collection (Continued),grazer,0.6000000238418579,0.4,,,0.415,keep,the_fever_wood: §4 natives wait or graze; herd (MEASURED special); SW icon,0
RUT_FeverWood,Convor,convor,Star Wars Animal Collection (Continued),crown-flier,0.4000000059604645,0.3,,,0.56,import,the_fever_wood: §4 crown watcher; SW icon; R17,0
RUT_FeverWood,LongtailGorg,longtail gorg,Star Wars Animal Collection (Continued),wait-ambush,0.6000000238418579,0.3,,,0.565,keep,"the_fever_wood: §4 small patient predators; spd 2.3 (MEASURED) — sits at bore-mouths, never chases (ban 3 passed)",0
RUT_FeverWood,Whisperbird,whisperbird,Star Wars Animal Collection (Continued),crown-flier,0.4000000059604645,0.3,,,0.56,import,the_fever_wood: §4 crown life; R17 fliers cross biomes,0
RUT_FeverWood,RSW_JewelBeetle,jewel beetle,RimMandrake: SW — Bestiary,crown-grazer,2.45,0.2,,,,import,"the_fever_wood: §4 harmony guild; slow non-predator bs 2.45 spd 3.1 (MEASURED); bark-working beetle body; MIASMA_FEVERWOOD_GREENTIDE_BMT_1: renamed from BMT_JewelBeetle to the already-ported, already-wired RSW_ name (RUT_FeverWood at 0.2)",0
RUT_FeverWood,RSW_AcidSlug,acid slug,RimMandrake: SW — Bestiary,ground-slow,4.0,0.05,,,,keep,"the_fever_wood: §4 the ground is for the brave; spd 1.5 (MEASURED) — waits; trace, the floor stays mostly empty; MIASMA_FEVERWOOD_GREENTIDE_BMT_1: renamed from BMT_AcidSlug to the already-ported, already-wired RSW_ name (RUT_FeverWood at 0.05)",0
RUT_FeverWood,Fambaa,fambaa,Star Wars Animal Collection (Continued),the-terribly-lost,6,0.02,,,0.717,import,"the_fever_wood: §4 big animals wander in, drink at the mirrors, and are subtracted — trace commonality IS the ambient tragedy",0
RUT_ForsakenCrags,AA_Behemoth,Behemoth,Alpha Animals,,8,0.5,,,0.867,import,"forsaken_crags: owner review 2026-09 (round2 move mapping): crag, 16 squares",0
RUT_ForsakenCrags,AA_DuskRat,dusk rat,Alpha Animals,small,0.15000000596046448,0.5,,,0.554,keep,"forsaken_crags: §4 owner's ruling: the dusk rat stays, the art goes — behavior-named exemption (§6 ban 8); sprite is a placeholder in violation until redo",0
RUT_ForsakenCrags,AA_Murkling,murkling,Alpha Animals,small,0.3499999940395355,0.5,,,0.409,keep,forsaken_crags: donor family §4 (murkling scavenger packs); §9 trim satisfied — the crags are its named home,0
RUT_ForsakenCrags,AA_NightMule,nightmule,Alpha Animals,large,2.799999952316284,0.5,,,0.47,keep,"forsaken_crags: donor family §4 (nightmule) — the domestic line; legal here at −10 °C median (MEASURED §0), unlike the nightside",0
RUT_ForsakenCrags,GR_Nighthrumbo,nighthrumbo,Vanilla Genetics Expanded,,3,0.5,,,0.675,import,forsaken_crags: owner review 2026-09 (round2 move mapping): Crags,0
RUT_ForsakenCrags,AA_CrepuscularBeetle,Crepuscular Beetle,Alpha Animals,large,3,0.35,,,0.758,keep,forsaken_crags: donor family §4 (crepuscular beetle),0
RUT_ForsakenCrags,AA_DuskProwler,dusk prowler,Alpha Animals,medium-pred,1.5,0.2,,,0.621,keep,forsaken_crags: donor family §4 (dusk prowler),0
RUT_ForsakenCrags,AA_NightAve,night ave,Alpha Animals,medium,1.100000023841858,0.2,,,0.578,keep,forsaken_crags: donor family §4 (night ave),0
RUT_ForsakenCrags,AA_Nightling,nightling,Alpha Animals,medium-apex,1,0.2,,,0.575,keep,forsaken_crags: donor family §4: quill-throwing apex predator; nocturnal-to-the-bone suite is the population (owner's wholesale ruling),0
RUT_ForsakenCrags,AA_DarkVandal,dark vandal,Alpha Animals,medium,1.2000000476837158,0.15,,,0.58,keep,forsaken_crags: donor family §4 (dark vandal),0
RUT_ForsakenCrags,AA_NightRam,nightram,Alpha Animals,large,2.5,0.09,,,0.463,keep,forsaken_crags: donor family §4 (nightram),0
RUT_ForsakenCrags,AA_ShadowCharger,shadow charger,Alpha Animals,large,2.5,0.09,,,0.463,keep,forsaken_crags: donor family §4 (shadow charger),0
RUT_ForsakenCrags,AA_Thunderox,thunderox,Alpha Animals,large,2.5,0.09,,,0.463,keep,forsaken_crags: donor family §4 (thunderox),0
RUT_ForsakenCrags,AA_SandProwler,sand prowler,Alpha Animals,medium-pred,2,0.075,,,0.6,keep,"forsaken_crags: donor family §4 (sand prowler); terrain-hiding graphic (register special, MEASURED)",0
RUT_ForsakenCrags,AA_Frostling,frostling,Alpha Animals,medium-pred,1.5,0.05,,,0.621,import,forsaken_crags: sheet Owed: owner 2026-09-06 moved the Frostling back from the propane lakes — the Nightling's polar cousin; spd 6.0 pred (MEASURED) legal — crags carry no speed ban,0
RUT_ForsakenCrags,AA_Darkbeast,darkbeast,Alpha Animals,medium,1.5,0.005,,,0.488,keep,"forsaken_crags: §4 owner's ruling: wears a trailing halo of Dark — EM particle interaction; kept at trace, the moving knot of blindness",0
RUT_Greentide,Gizka,gizka,Star Wars Animal Collection (Continued),floor-vermin,0.18000000715255737,1.0,,,0.555,keep,the_greentide: §4 fruit strategy — free calories breed vermin; SW icon (KOTOR),0
RUT_Greentide,Clodhopper,clodhopper,Star Wars Animal Collection (Continued),floor-vermin,0.5,0.7,,,0.572,keep,the_greentide: §4 everything eats everything — small hopper prey base,0
RUT_Greentide,Whisperbird,whisperbird,Star Wars Animal Collection (Continued),flier,0.4000000059604645,0.7,,,0.56,keep,"the_greentide: §4 The Fliers — absolutely everywhere, screaming; R17",0
RUT_Greentide,Worrt,worrt,Star Wars Animal Collection (Continued),ambush,0.6000000238418579,0.7,,,0.585,keep,"the_greentide: §4 open free-for-all; positional water-margin ambusher, spd 2.5 (MEASURED); SW icon",0
RUT_Greentide,AA_SmallButterfly,small butterflies,Alpha Animals,,0.009999999776482582,0.5,,,0.55,import,"the_greentide: owner review 2026-09 (round2 move mapping): 0.2 cell, flits around the arid shrubland  | PLACED: the_greentide + the_fever_wood — owner note: move to jungle (homeless disposition sitting, frozen 2026-09-10)",0
RUT_Greentide,RUT_GreentideAntRace,giant ant,self (THEY_MOD_REPLICATION_1 — replicated from They! (Giant Ants)),,2,0.5,,,0.683,port,the_greentide: owner review 2026-09 (round2 move mapping): Only the raiding events in the greentide jungles and surrounding area,0
RUT_Greentide,Shiro,shiro,Star Wars Animal Collection (Continued),floor-ambush,0.5,0.5,,,0.729,keep,the_greentide: §4 free-for-all; slow sit-and-wait (spd 1.0 MEASURED),0
RUT_Greentide,Klorslug,k'lor'slug,Star Wars Animal Collection (Continued),gnawer,1.5,0.4,,,0.737,keep,the_greentide: §4 The Gnawers — insectoid chewing the wet floor; SW canon swamp slug,0
RUT_Greentide,Mott,mott,Star Wars Animal Collection (Continued),brake,0.75,0.4,,,0.419,import,the_greentide: §4 The Brakes — small swamp grazer herd (MEASURED); grazing suppresses encroachment,0
RUT_Greentide,Nuna,nuna,Star Wars Animal Collection (Continued),brake,0.6000000238418579,0.4,,,0.415,import,the_greentide: §4 fruit-eater herd; SW icon; passes-seed-quickly read,0
RUT_Greentide,RSW_Diggerpede,diggerpede,RimMandrake: SW — Bestiary,floor-predator,1.5,0.4,,,,keep,"the_greentide: §4 no pursuit ban here; root-tangle predator; MIASMA_FEVERWOOD_GREENTIDE_BMT_1: renamed from BMT_Diggerpede to the already-ported, already-wired RSW_ name (RUT_Greentide at 0.4)",0
RUT_Greentide,VFEI2_Swarmling,swarmlings,Vanilla Factions Expanded - Insectoids 2,floor-vermin,0.20000000298023224,0.4,,,0.605,adjust-keep,the_greentide: §4 filth-and-sprouts carpet is the strategy working; comm trimmed 1.0→0.4 (design choice),0
RUT_Greentide,AA_Needlepost,needlepost,Alpha Animals,floor-vermin,0.7900000214576721,0.3,,,0.47,keep,the_greentide: §4 free-for-all; venom-armed herd (MEASURED special),0
RUT_Greentide,Convor,convor,Star Wars Animal Collection (Continued),flier,0.4000000059604645,0.3,,,0.56,import,"the_greentide: §4 The Fliers; SW icon, swamp-forest native (register biomes MEASURED)",0
RUT_Greentide,Falumpaset,falumpaset,Star Wars Animal Collection (Continued),brake,3,0.3,,,0.625,import,the_greentide: §4 The Brakes — bs 3.0 swamp herd (MEASURED); Naboo icon,0
RUT_Greentide,Gelagrub,gelagrub,Star Wars Animal Collection (Continued),gnawer,2.4000000953674316,0.3,,,0.51,import,"the_greentide: §4 The Gnawers — herd grub indifferent to predation (Felucia, SW icon)",0
RUT_Greentide,Kinrath,kinrath,Star Wars Animal Collection (Continued),canopy-ambush,1.2000000476837158,0.3,,,0.705,adjust-keep,the_greentide: §4 Swinger-predator; venomous (MEASURED); SW icon (KOTOR); comm 0.4→0.3 so the Webwork keeps spider primacy,0
RUT_Greentide,Fambaa,fambaa,Star Wars Animal Collection (Continued),shatterer,6,0.25,,,0.717,import,"the_greentide: §4 The Shatterers — bs 6.0 herd megafauna (MEASURED), migrates in herds (MEASURED special); Naboo swamp icon",0
RUT_Greentide,PekoPeko,Peko-peko,Star Wars Animal Collection (Continued),flier,2.5,0.2,,,0.662,import,the_greentide: §4 The Fliers; floats over water (MEASURED special) — river-line bird analog,0
RUT_Greentide,Hawkbat,hawk-bat,Star Wars Animal Collection (Continued),flier-predator,2,0.18,,,0.65,keep,the_greentide: §4 The Fliers; canopy predator (bs 2.0 MEASURED),0
RUT_Greentide,Dragonsnake,Dragonsnake,Star Wars Animal Collection (Continued),lunger,4,0.12,,,0.792,adjust-keep,"the_greentide: §4 The Lungers + ban 6; Dagobah water predator, SW icon; comm 0.05→0.12",0
RUT_Greentide,AA_Wildpawn,wildpawn,Alpha Animals,medium-venom,1.399999976158142,0.1,,,0.685,import,the_greentide: owner review 2026-09 (round2 move mapping): steaming jungle = the_greentide (sitting ruling 2026-09-10),0
RUT_Miasma,VFEI2_Swarmling,swarmlings,Vanilla Factions Expanded - Insectoids 2,vermin,0.20000000298023224,0.7,,,0.605,keep,the_miasma: §2 the drain — everything ends up here; crowding is the read,0
RUT_Miasma,Blarth,blarth,Star Wars Animal Collection (Continued),,0.3199999928474426,0.5,,,0.558,import,"the_miasma: owner review 2026-09 (round2 move mapping): Miasma, domesticatable, Hutt pets, 1 cell | DUAL-LISTED: Miasma wild resident AND ninth-roster faction animal (Hutt-adjacent); wild ones read as escaped/feral stock (owner card ruling 2026-09-10)",0
RUT_Miasma,Blixus,blixus,Star Wars Animal Collection (Continued),,4,0.5,,,0.9,import,the_miasma: owner review 2026-09 (round2 move mapping): The Grey Sea and the Maiasma,0
RUT_Miasma,Bogwing,bogwing,Star Wars Animal Collection (Continued),,0.699999988079071,0.5,,,0.567,import,the_miasma: owner review 2026-09 (round2 move mapping): miasma flyer,0
RUT_Miasma,JRWBeelzebufo,Beelzebufo,Jurassic Rimworld - Dinosaurs Only (Continued),,1.5,0.5,,,0.588,import,"the_miasma: owner review 2026-09 (round2 move mapping): Maisma | RENAME + REDEFINE ruled (non-SW): keep the giant-ambush-frog body plan, new name + alienized art via the redo pipeline (owner card ruling 2026-09-10)",0
RUT_Miasma,MarshHaunt,marsh haunt,Star Wars Animal Collection (Continued),,2.5,0.5,,,0.688,import,"the_miasma: owner review 2026-09 (round2 move mapping): Maisma | PLACED: the_miasma (homeless disposition sitting, frozen 2026-09-10)",0
RUT_Miasma,RSW_PodWorm,pod worm,RimMandrake: SW — Bestiary,,4.0,0.5,,,,import,"the_miasma: owner review 2026-09 (round2 move mapping): Maisma; MIASMA_FEVERWOOD_GREENTIDE_BMT_1: renamed from BMT_PodWorm to the ported RSW_ name and WIRED into RUT_Miasma at 0.5 (was admitted by the round2 mapping but never wired anywhere). CUT by the Lantern Deeps sheet 2026-09-19, which under the owner's 2026-09-21 ruling is scoped to the Deeps only. bodySize 4 (MEASURED); the biome still passes ECOSYSTEM_PYRAMID_LAW_1 at ~72% small-weighted commonality, down from 76.1%",0
RUT_Miasma,Runyip,runyip,Star Wars Animal Collection (Continued),muck-forager,1.5,0.5,,,0.457,adjust-keep,the_miasma: §4 composter-adjacent forager; Naboo swamp icon; herd (MEASURED); comm 0.4→0.5,0
RUT_Miasma,VFEI2_BlackSwarmling,black swarmlings,Alpha Animals,vermin,0.20000000298023224,0.5,,,0.605,keep,the_miasma: §2 the drain,0
RUT_Miasma,RSW_CrestedDragon,crested dragon,RimMandrake: SW — Bestiary,channel-predator,0.7,0.4,,,,keep,"the_miasma: §2 lifeboat crowding — no chase ban here; alien wet lizard; MIASMA_FEVERWOOD_GREENTIDE_BMT_1: renamed from BMT_CrestedDragon to the already-ported, already-wired RSW_ name (RUT_Miasma at 0.4)",0
RUT_Miasma,RSW_MeeJuv,young mee scalefish,RimMandrake: SW — Bestiary,nursery,0.15,0.4,,,,import,the_miasma: R11 + §4 the nursery — the Grey Sea's roster breeds here; juveniles swarm the shallows,0
RUT_Miasma,Shiro,shiro,Star Wars Animal Collection (Continued),arthropod-floor,0.5,0.4,,,0.729,keep,the_miasma: §4 armored scuttler; slow (spd 1.0 MEASURED),0
RUT_Miasma,Anooba,anooba,Star Wars Animal Collection (Continued),scavenger,0.949999988079071,0.3,,,0.574,keep,the_miasma: §2 the compost of a war feeds scavenger packs; SW icon,0
RUT_Miasma,Grank,Grank,Star Wars Animal Collection (Continued),channel-predator,0.8500000238418579,0.3,,,0.621,import,the_miasma: §2 refugee crowding; wet SW predator (evicted from the Fever Wood's stillness),0
RUT_Miasma,RSW_AaroxisDendoria,aaroxis dendoria,RimMandrake: SW — Bestiary,strange,1.0,0.3,,,,keep,"the_miasma: §1 on the verge of something — slow alien oddity (spd 2.0 MEASURED); MIASMA_FEVERWOOD_GREENTIDE_BMT_1: renamed from BMT_AaroxisDendoria to the already-ported, already-wired RSW_ name (RUT_Miasma at 0.3). The Lantern Deeps sheet (2026-09-19) ruled this species CUT there; owner ruled 2026-09-21 that a sheet's cut is scoped to that sheet's biome only, so it stays admitted here",0
RUT_Miasma,RSW_FaaJuv,young faa scalefish,RimMandrake: SW — Bestiary,nursery,0.2,0.3,,,,import,the_miasma: R11 nursery ring,0
RUT_Miasma,RSW_LaaJuv,young laa scalefish,RimMandrake: SW — Bestiary,nursery,0.4,0.3,,,,import,the_miasma: R11 nursery ring,0
RUT_Miasma,RSW_YobshrimpJuv,young pale yobshrimp,RimMandrake: SW — Bestiary,nursery,0.2,0.3,,,,import,the_miasma: R11 nursery — the pale young of the brine line,0
RUT_Miasma,Whisperbird,whisperbird,Star Wars Animal Collection (Continued),flier,0.4000000059604645,0.3,,,0.56,keep,the_miasma: R17 fliers cross biomes; delta flocks,0
RUT_Miasma,RSW_RustNipperJuv,young rust nipper,RimMandrake: SW — Bestiary,nursery,0.25,0.25,,,,import,the_miasma: R11 nursery,0
RUT_Miasma,RSW_SiltLampreyJuv,young silt lamprey,RimMandrake: SW — Bestiary,nursery,0.2,0.25,,,,import,the_miasma: R11 nursery; silt-working juvenile,0
RUT_Miasma,AA_Lockjaw,lockjaw,Alpha Animals,channel-predator,2.5,0.2,,,0.613,keep,the_miasma: §4 the shallows' jaws; slow (spd 3.0 MEASURED),0
RUT_Miasma,AA_Mantrap,mantrap,Alpha Animals,root-ambush,2,0.2,,,0.65,keep,the_miasma: §3 the stilt-root maze is the terrain — root-maze ambusher,0
RUT_Miasma,AA_RaptorShrimp,raptor shrimp,Alpha Animals,channel-predator,1.399999976158142,0.2,,,0.702,keep,the_miasma: §4 the water crowds with life — crustacean predator,0
RUT_Miasma,Vornskyr,vornskyr,Star Wars Animal Collection (Continued),strange,2,0.15,,,0.63,keep,"the_miasma: §1 verge-of-something register; SW icon, venomous (MEASURED)",0
RUT_Miasma,AA_DecayDrake,decay drake,Alpha Animals,composter,1,0.1,,,0.575,keep,the_miasma: §4 the composters — decay-feeding is the biome's engine,0
RUT_Miasma,AA_Helixien,helixien,Alpha Animals,strange,4,0.1,,,0.65,keep,the_miasma: §1 strange slow bulk (spd 0.6 MEASURED),0
RUT_Miasma,AA_Slurrypede,slurrypede,Alpha Animals,composter,2,0.1,,,0.833,adjust-keep,the_miasma: §4 burrowing muck-worker digesting the sin-soup; comm 0.005→0.1 — composters are a named ring,0
RUT_Miasma,AA_Thermadon,thermadon,Alpha Animals,channel-predator,1.5,0.1,,,0.746,keep,the_miasma: §2 hot delta (42.8 °C median MEASURED),0
RUT_Miasma,RSW_OpeeSeaKillerJuv,sub-adult opee sea killer,RimMandrake: SW — Bestiary,nursery-guard,1.4,0.05,,,,import,the_miasma: R11 — a sub-adult lingering at the crèche mouths; 'don't kill what's small here' (§4),0
RUT_Miasma,Zakkeg,zakkeg,Star Wars Animal Collection (Continued),big-wanderer,5,0.05,,,1.0,keep,the_miasma: §2 crowding brings big bodies to the fresh end; SW icon; trace,0
RUT_Miasma,RSW_SandoAquaMonster,sando aqua monster,RimMandrake: SW — Bestiary,bottom-walker adult — the submerged herds,14.0,0.03,,,,import,the_miasma: owner review 2026-09 (round2 move mapping): Miasma,0
RUT_PoisonForest,Neebray,neebray,Star Wars Animal Collection (Continued),small-flier,0.20000000298023224,0.8,,,0.605,keep,poison_forest: ban 9 pass: spd 3.0 (MEASURED); §9 BINDING names poison forest + caves its two homes,0
RUT_PoisonForest,GR_Beetlefleet,beetlefleet,Vanilla Genetics Expanded,small-shelled,0.30000001192092896,0.7,,,0.558,keep,poison_forest: sealed law pass: shelled; ban 9 pass: spd 2.5 (MEASURED); prep §5.2 keep,0
RUT_PoisonForest,AA_InfectedAerofleet,infected aerofleet,Alpha Animals,small,0.20000000298023224,0.5,,,0.405,keep,poison_forest: spd 2.84 (MEASURED); 'infected' = the biome's read (prep §5.2),0
RUT_PoisonForest,AA_LuciferBug,luciferbug,Alpha Animals,,0.15000000596046448,0.5,,,0.654,import,poison_forest: owner review 2026-09 (round2 move mapping): poison forest,0
RUT_PoisonForest,AA_OcularJelly,ocular jelly,Alpha Animals,small,0.5,0.5,,,0.413,keep,poison_forest: eye-heavy signature (sheet §4: many-eyes lane); spd 2.0 (MEASURED),0
RUT_PoisonForest,AA_Radyak,radyak,Alpha Animals,,2.5,0.5,,,0.463,import,poison_forest: owner review 2026-09 (round2 move mapping): Poison Forest,0
RUT_PoisonForest,AA_RipperHound,ripper hound,Alpha Animals,,1.5,0.5,,,0.654,import,poison_forest: owner review 2026-09 (round2 move mapping): Poison Forest,0
RUT_PoisonForest,Silooth,silooth,Star Wars Animal Collection (Continued),,3,0.5,,,0.808,import,"poison_forest: owner review 2026-09 (round2 move mapping): PLACED: poison_forest — owner note: Poison Forest (homeless disposition sitting, frozen 2026-09-10)",0
RUT_PoisonForest,AM_Dryad_Corruptor,corruptor dryad,Alpha Memes,small,0.6669999957084656,0.4,,,0.467,keep,"poison_forest: spd 3.0 (MEASURED); alien, slow, does not eat — no grazing-body conflict (ban 8)",0
RUT_PoisonForest,AM_Dryad_Ocular,ocular dryad,Alpha Memes,small,0.6669999957084656,0.4,,,0.467,keep,poison_forest: spd 4.0 (MEASURED) passes ban 9; eye-heavy per sheet §4,0
RUT_PoisonForest,AM_Dryad_Tumorous,tumorous dryad,Alpha Memes,small,0.6669999957084656,0.4,,,0.467,keep,poison_forest: spd 2.0 (MEASURED); alien slow form,0
RUT_PoisonForest,RSW_Screecher,screecher,RimMandrake: SW — Bestiary,medium-pred,1.0,0.35,,,,keep,"poison_forest: spd 3.0 (MEASURED); pack ambusher, contamination-authored (prep §5.2); ROSTER_DEAD_BMT_NAMES_SWEEP_1: renamed from BMT_Screecher to the already-ported, already-wired RSW_ name (RUT_PoisonForest)",0
RUT_PoisonForest,Visceral,visceral,Horrors (Continued),medium-pred,1.2000000476837158,0.35,,,0.672,keep,poison_forest: spd 3.85 (MEASURED) passes ban 9; sealed insectoid horror,0
RUT_PoisonForest,AA_BedBug,bedbug,Alpha Animals,small-pred,0.5,0.3,,,0.646,keep,"poison_forest: spd 3.0 (MEASURED); paralysing-bite ambusher — forest of ambushers, not chases (sheet §4)",0
RUT_PoisonForest,Mynock,mynock,Star Wars Animal Collection (Continued),small,0.5,0.2,,,0.613,import,poison_forest: §9 BINDING: Fall Line + poison forest are its two homes; spd 2.0 (MEASURED); chemosynthetic-parasite read (prep §5.4),0
RUT_PoisonForest,AA_CrystalMit,crystalmit,Alpha Animals,small,0.5,0.15,,,0.621,import,poison_forest: §9 BINDING: CrystalCaverns/PoisonForest are crystal's two sheets; spd 1.8 (MEASURED); matches the trunks' crystal fans (sheet §1),0
RUT_PoisonForest,AA_GiantCrownedSilkie,giant crowned silkie,Alpha Animals,medium,1.100000023841858,0.15,,,0.428,keep,poison_forest: spd 3.0 (MEASURED); prep §5.2 keep,0
RUT_PoisonForest,GraniteSlug,granite slug,Star Wars Animal Collection (Continued),grain,0.20000000298023224,0.15,,,0.605,import,"poison_forest: §9 BINDING: ExtremeDesert + PoisonForest only; spd 1.0, mineral-eater (MEASURED) — grazes crust off stone, the sheet's only legal herbivory",0
RUT_PoisonForest,AA_DecayDrake,decay drake,Alpha Animals,medium,1,0.1,,,0.575,keep,poison_forest: spd 4.0 (MEASURED) passes ban 9; decay-themed alien,0
RUT_PoisonForest,AA_Helixien,helixien,Alpha Animals,giant,4,0.1,,,0.65,keep,poison_forest: spd 0.6 (MEASURED) — the slowest resident; corpse-decayer gas-form fits chemistry-fed patience (sheet §4),0
RUT_PoisonForest,Skalder,skalder,Star Wars Animal Collection (Continued),huge-grazer,4,0.08,,,0.623,import,poison_forest: owner review 2026-09 (round2 move mapping): Poison Forest (sitting ruling 2026-09-10),0
RUT_PoisonForest,AA_Plasmorph,plasmorph,Alpha Animals,strange,1,0.05,,,0.742,import,poison_forest: owner review 2026-09 (round2 move mapping): The Poison Forest,0
RUT_PoisonForest,AA_Wildpod,wildpod,Alpha Animals,giant,4,0.05,,,0.8,keep,"poison_forest: spd 3.0, venomous (MEASURED) — itself-toxic strategy (sheet §4: sealed or poisoned)",0
RUT_PoisonForest,Lylek,lylek,Star Wars Animal Collection (Continued),apex,5,0.05,,,1.0,import,poison_forest: owner review 2026-09 (round2 move mapping): Poison Forest,0
RUT_RustCathedral,GR_Mechachicken,mecha-chicken,Vanilla Genetics Expanded,,0.75,0.5,,,0.519,import,the_rust_cathedral: owner review 2026-09 (round2 move mapping): rust cathedral | CUT — cathedral mech-vermin trim (owner card 2026-09-10); name already failed recognizability,0
RUT_RustCathedral,GR_Mecharat,mecha-rat,Vanilla Genetics Expanded,,0.20000000298023224,0.5,,,0.505,import,the_rust_cathedral: owner review 2026-09 (round2 move mapping): rust cathedral and mechanoid dungeons,0
RUT_RustCathedral,RUT_CathedralRoach,cathedral roach,RimMandrake: Utinni — Rust Cathedral Roaches,cleaner,0.22,0.12,,,,import,"the_rust_cathedral: RUST_CATHEDRAL_MECHANICS_1 §6, owner addendum 2026-09-07 ('...the synthetic ones strangely tough and powerful. Cleaners of the area on land like the eels...') SUPERSEDES the earlier sheet §4 owner-flag reading recorded here (which kept the donor's organic Ling_Cockroach in this biome as 'the lone-organic-survivor'): the addendum splits the pair by biome — organic goes to the_scarlands.json as RUT_ScarRoach, the SYNTHETIC clone belongs here. RUT_CathedralRoach is a from-scratch clone (own BodyDef RUT_RoachHex, own ThingDef/PawnKindDef) built in mandrake.rut.rustcathedralroaches — the donor's own Ling_Cockroach/Ling_Cockroach_Mechanoid are no longer referenced by this roster row at all.",0
RUT_Scarlands,Mynock,mynock,Star Wars Animal Collection (Continued),wiring-eater,0.5,0.5,,,0.613,import,"the_scarlands: §4: CANON AND LIVE — proposed true home here, grazing the dead war machines; a parasite needs hulls and this is the hull province; R17 lets it range",0
RUT_Scarlands,RSW_CrystalFairyMole,crystal fairy mole,RimMandrake: SW — Bestiary,,0.86,0.5,,,,import,"the_scarlands: owner review 2026-09 (round2 move mapping): Scarlands, oddly. 1 cell | WIRED 2026-09-23 (ROSTER_DEAD_BMT_NAMES_SWEEP_1 step 4) at the roster's 0.5 into RUT_Scarlands.xml wildAnimals, gated MayRequire=""mandrake.rsw.swbestiary"". Wired at 0.5 rather than trimmed the way RSW_Korrum was (0.05), because this is a SMALL animal: raising its commonality raises the small share, which is what ECOSYSTEM_PYRAMID_LAW_1 wants of the weakest pyramid we have (53.0% small at the 2026-09-20 sweep). Also one of the six names in the Lantern Deeps' hard ban 3, but that cut is scoped to THAT sheet (owner ruling 2026-09-21) and does not reach here.",0
RUT_Scarlands,RSW_MegaphoridLarva,megaphorid maggot,RimMandrake: SW — Bestiary,,0.32,0.5,,,,import,"the_scarlands: owner review 2026-09 (round2 move mapping): scarlands | WIRED 2026-09-23 (ROSTER_DEAD_BMT_NAMES_SWEEP_1 step 4) at the roster's 0.5 into RUT_Scarlands.xml wildAnimals, gated MayRequire=""mandrake.rsw.swbestiary"". Wired at 0.5 rather than trimmed the way RSW_Korrum was (0.05), because this is a SMALL animal: raising its commonality raises the small share, which is what ECOSYSTEM_PYRAMID_LAW_1 wants of the weakest pyramid we have (53.0% small at the 2026-09-20 sweep).",0
RUT_Scarlands,RSW_ShaleGorger,shale gorger,RimMandrake: SW — Bestiary,,2.0,0.5,,,,import,the_scarlands: owner review 2026-09 (round2 move mapping): Scarlands,0
RUT_Scarlands,SW_Electricfish,Electricfish,Insectoids 2 - Isopoda geneline,,1,0.5,,,0.925,import,the_scarlands: owner review 2026-09 (round2 move mapping): scarlands,0
RUT_Scarlands,SW_Grenadierworm,Grenadierworm,Insectoids 2 - Isopoda geneline,,2.5,0.5,,,0.963,import,the_scarlands: owner review 2026-09 (round2 move mapping): scarlands,0
RUT_Scarlands,SW_Electrictick,Electrictick,Insectoids 2 - Isopoda geneline,weapon-descendant,0.25,0.3,,,0.906,keep,the_scarlands: §4: runs on a power cell and dies when it empties; explodes when destroyed (MEASURED specials) — a munition with legs,0
RUT_Scarlands,RSW_FoundryBeetle,foundry beetle,RimMandrake: SW — Bestiary,plated-grazer,2.4,0.18,,,,keep,"the_scarlands: §4: crust/wreck-lichen browser — non-predator plated insectoid (bs 2.4 MEASURED), industrial read; dormant special fits pre-sprung dressing (§8); ROSTER_DEAD_BMT_NAMES_SWEEP_1: renamed from BMT_FoundryBeetle to the already-ported, already-wired RSW_ name (RUT_Scarlands)",0
RUT_Scarlands,SW_Electricgryllotalpa,Electricgryllotalpa,Insectoids 2 - Isopoda geneline,weapon-descendant,1.5,0.15,,,0.938,keep,the_scarlands: §4: it SHOOTS — a ranged attack special (MEASURED); still executing fragments of a dead war's doctrine,0
RUT_Scarlands,AA_AcanthamoebaGiganteaSmall,"acanthamoeba gigantea, small",Alpha Animals,wretched-small,0.20000000298023224,0.1,,,0.405,import,the_scarlands: owner review 2026-09 (round2 move mapping): scarlands,0
RUT_Scarlands,RG_Rimclaw,rimclaw,ReGrowth 2,weapon-descendant,1,0.1,,,0.767,keep,the_scarlands: §4: bursts into a toxic cloud on death (MEASURED) — the war's toxin breeding true,0
RUT_Scarlands,AA_Helixien,helixien,Alpha Animals,mortuary-guild,4,0.08,,,0.65,adjust-keep,"the_scarlands: §4: the Mortuary Guild — corpse decayer special (MEASURED), slow (spd 0.6), uncannily calm where everything else is mad; the one safe animal here and the most disturbing",0
RUT_Scarlands,RUT_ScarRoach,scar-roach,RimMandrake: Utinni — Rust Cathedral Roaches,cleaner,0.25,0.08,,,,import,"the_scarlands: RUST_CATHEDRAL_MECHANICS_1 §6, owner addendum 2026-09-07 verbatim: 'reskin the cockroaches mod to pertain to the Scarlands around the Rust Cathedral and the Rust Cathedral itself... Cleaners of the area on land like the eels that live in the coolant rivers.' The organic half of the pair (donor LingLuo.Cockroach's Ling_Cockroach, bs 2 MEASURED) landed as a from-scratch clone, RUT_ScarRoach (mandrake.rut.rustcathedralroaches), bodySize shrunk to 0.25 with armor/health/melee tuned separately — not the donor def, and not a straight import of it.",0
RUT_Scarlands,RSW_Korrum,RSW_Korrum,,,,0.05,,,,import,"the_scarlands: owner review 2026-09 (round2 move mapping): Anywhere on the dayside where it might be needed. 1.2 cells; STONEBACK_DEFNAME_COLLISION_1: this row is the KORRUM, not the bokka — RSW_Stoneback was two animals and the giant was renamed RSW_Korrum 2026-09-22. owner 2026-09-22 (identity sheet): the boulder-shelled crab ""equally belongs in canyons, arid, but is also excellent for scarlands"" / sheet note ""This is good for Scarlands. Regenerate art."". Wired RUT_Scarlands at 0.05 rather than the round2 placeholder 0.5: bodySize 4.00 into the thinnest roster we have (8 species) would take it from 53.0% to ~40% small and break ECOSYSTEM_PYRAMID_LAW_1; owner 2026-09-22, correcting BENCH: ""I meant pick one arid home."" The arid biomes he listed were the CANDIDATE set, not an assignment — a shared habitat class is NOT an in-game reason to multi-home an animal (BIOME_SPECIFIC_FAUNA_LAW_1). THIS IS THE KORRUM'S ONE HOME — he called the Scarlands ""excellent"" for it, and its RUT_ExtremeDesert wiring (0.025) was removed the same day",0
RUT_Scarlands,SW_Juggernautbeetles,Juggernautbeetles,Insectoids 2 - Isopoda geneline,weapon-descendant,3,0.05,,,0.975,keep,the_scarlands: §4: burning blade special (MEASURED) — incendiary doctrine remnant; kept rare (bs 3 predator),0
RUT_Slime,AA_GreenGoo,green goo,Alpha Animals,substrate,0.5,2.0,,,0.413,keep,the_slime: §4: the substrate — donor lore closes the case (part of a greater gelatinous superorganism); donor commonality 2.0 restored,0
RUT_Slime,AA_AcanthamoebaGiganteaHuge,"acanthamoeba gigantea, huge",Alpha Animals,,1.5,0.5,,,0.438,import,the_slime: owner review 2026-09 (round2 move mapping): Slime,0
RUT_Slime,AA_OvergrownColossus,overgrown colossus,Alpha Animals,,6,0.5,,,0.5,import,the_slime: owner review 2026-09 (round2 move mapping): The Slime (make the trees into slime trees),0
RUT_Slime,AA_TeratogenicOriginator,teratogenic originator,Alpha Animals,,5,0.5,,,0.5,import,"the_slime: owner review 2026-09 (round2 move mapping): Slime, tint green | SIZE RULED: drawSize 3 ONLY (current def bodySize 5 — oversized); stays large bin (sitting ruling 2026-09-10)",0
RUT_Slime,AA_AcanthamoebaGiganteaLarge,"acanthamoeba gigantea, large",Alpha Animals,resistant-native,0.800000011920929,0.15,,,0.42,import,the_slime: §4: the giant trash-eating acanthamoeba named as immune-system champion; distinct def from the ubiquity-trimmed Small variant,0
RUT_Slime,RM_Titanoslime,RM_Titanoslime,,apex-native,,0.12,,,,new-def,"the_slime: owner ask 2026-09-20 (TITANOSLIME_SLIME_BIOME_1): a titanic green slime that swallows pawns whole and grows as it eats; §1 the body's own imperative (ingest, analyze, store), resistant by identity; distinct from the Harvester eviction because it IS the body, not a foreign apex",0
RUT_Slime,AA_Plasmorph,plasmorph,Alpha Animals,resistant-native,1,0.1,,,0.742,adjust-keep,the_slime: §4: the iron-shelled plasmorph — resistant character; comm raised 0.005→0.1: a sheet-named native should be seen,0
RUT_Slime,AA_Helixien,helixien,Alpha Animals,resistant-native,4,0.075,,,0.65,keep,the_slime: §4: the corrosive Helixien slug — resistant character; corpse decayer special (MEASURED) fits the reabsorption economy; bs 4 / spd 0.6 (MEASURED),0
RUT_Slime,AA_DecayDrake,decay drake,Alpha Animals,trace-experiment,1,0.02,,,0.575,keep,the_slime: §4 trace tail; honours the frozen decay-drake substitution in the 29-row legacy cast (sheet Owed),0
RUT_Slime,AA_Mime,mime,Alpha Animals,trace-experiment,1,0.01,,,0.575,keep,the_slime: §4: the trace tail (0.001–0.07) is the database running experiments — a mimic is a recombination walking around,0
RUT_Slime,GR_Chickenrabbit,chickenrabbit,Vanilla Genetics Expanded,trace-tail,0.15000000596046448,0.005,,,0.404,import,"the_slime: §4 trace tail — a recombinator’s experiment: a VGE chimera IS the living genetic database’s own idiom (R9-style mechanism read: ‘living, flowing genetic database’); harmless body (bs 0.15, spd 2.1 MEASURED)",0
RUT_Slime,GR_Manbear,manbear,Vanilla Genetics Expanded,trace-tail,0.3499999940395355,0.002,,,0.559,import,the_slime: §4 trace tail — the uncanny experiment register: a humanlike genetic hybrid (MEASURED special) at experiment frequency; small (bs 0.35 MEASURED),0
RUT_Sump,AA_BumbledroneQueen,bumbledrone queen,Alpha Animals,,0.7900000214576721,0.5,,,0.42,import,the_sump: owner review 2026-09 (round2 move mapping): goes with the rest of the bumbledrones,0
RUT_Sump,AA_TarGuzzler,tar guzzler,Alpha Animals,tar-eater,2,0.5,,,0.45,adjust-keep,the_sump: §4/§0: eats-what-no-normal-animal-eats special (MEASURED) — the tar's own grazer; slow (spd 2 MEASURED); comm trimmed 0.75→0.5 for sparse-but-strange,0
RUT_Sump,AA_Bumbledrone,bumbledrone,Alpha Animals,under-layer,0.7900000214576721,0.35,,,0.42,keep,"the_sump: §0/§4: the subterranean bumbledrone hives KEPT (BENCH call, roster verdict = keep) — warm heat-huddled colonies beneath the insulating tar, aggressive at entrance mounds; chitin/honey-wax economy (§7); ubiquity-25 TRIM satisfied: this is the named home (prep §9)",0
RUT_Sump,AA_BumbledroneHierophant,bumbledrone hierophant,Alpha Animals,under-layer,0.7900000214576721,0.2,,,0.42,keep,the_sump: rides the hive verdict (§0),0
RUT_Sump,Hssiss,hssiss,Star Wars Animal Collection (Continued),lunger-junior,2.75,0.18,,,0.794,import,"the_sump: owner review 2026-09 (round2 move mapping): the swamp biome only | RULED 2026-09-10: the Sump move STANDS — tar-sleeper, partial-remains register; Miasma reading rejected",0
RUT_TheForge,AA_ColossalAerofleet,colossal aerofleet,Alpha Animals,,2,0.5,,,0.45,import,the_forge: owner review 2026-09 (round2 move mapping): rare creature wherever normal aerofleets end up,0
RUT_TheForge,AA_CrescendoAnole,crescendo anole,Alpha Animals,,0.30000001192092896,0.5,,,0.558,import,the_forge: owner review 2026-09 (round2 move mapping): volcanic biomes,0
RUT_TheForge,Tibidee,tibidee,Star Wars Animal Collection (Continued),,12,0.5,,,1.0,import,the_forge: owner review 2026-09 (round2 move mapping): volcanic areas,0
RUT_TheForge,AA_Aerofleet,aerofleet,Alpha Animals,sky,0.20000000298023224,0.4,,,0.405,adjust-keep,"the_forge: §4 sheet-RULED: 'Fumeriders (the Alpha Animals Aerofleet, renamed — recorded for the roster)'; MEASURED bs 0.2, spd 2.8, floats, produces a harvestable resource",0
RUT_TheForge,LavaSnail,lava snail,Odyssey,ground-slow,0.8999999761581421,0.35,,,0.664,import,"the_forge: §4 heat-adapted-and-few; MEASURED desc: volcanic-planet mollusk, protective slime, spd 0.85 — lives between the rain-flashes by being too slow to care",0
RUT_TheForge,LavaFlea,lava flea,Star Wars Animal Collection (Continued),ground-herd,2.4000000953674316,0.25,,,0.75,import,"the_forge: §4 flash-interval ground life; SW canon lava-country herd hopper (Mustafar), MEASURED bs 2.4, herd, non-predator, carries cargo; a dune-sea medium-band evictee (R22) re-homed",0
RUT_TheForge,AA_Metallovore,metallovore,Alpha Animals,ground-slow,2,0.15,,,0.45,keep,"the_forge: incumbent; 'eats something no normal animal eats' (MEASURED — metal) — a metal-eater under the foundry towers is on-theme; spd 2.0, few",0
RUT_TheForge,RSW_Maguana,maguana,RimMandrake: SW — Bestiary,ground-slow,2.1,0.15,,,,import,"the_forge: §4 heat-adapted-and-few; MEASURED desc: magma-patterned camouflage lizard, spd 0.6; moved from the Pyrelands cast where it had no story. FORGE_ROSTER_UNRECONCILED_BMT_1: renamed from BMT_Maguana — already ported and wired as RSW_Maguana (CAVERNS_PARITY_BUILD_1 r5); the donor's own BMT_Maguana stays Cherry-Picked and must not be re-wired. NOTE: this row's commonality (0.15) does not match the live wired value in RUT_TheForge.xml (0.5) — a pre-existing tuning drift, not touched this pass; flagged for whoever owns fauna density tuning.",0
RUT_TheForge,Beldon,beldon,Star Wars Animal Collection (Continued),sky-herd,6,0.08,,,0.65,keep,"the_forge: §4 sheet-named: 'vast, placid, drifting over the melt'; icon carve-out in full; tibanna monopoly basis (§6 ban 5); MEASURED bs 6, spd 2, floats, detonates on death",0
RUT_TheRot,AA_AngelMoth,angel moth,Alpha Animals,,0.75,0.5,,,0.419,import,the_rot: owner review 2026-09 (round2 move mapping): Rot,0
RUT_TheRot,AA_AnimaColossus,anima colossus,Alpha Animals,,6,0.5,,,0.5,import,"the_rot: owner review 2026-09 (round2 move mapping): Rot; ROT_ROSTER_DEAD_DONOR_NAMES_1: already an active donor def (sarg.alphaanimals), no port needed, now wired",0
RUT_TheRot,RSW_ColonyPustuleHornet,pustule hornet,RimMandrake: SW — Bestiary,,0.32,0.5,,,,import,"the_rot: owner review 2026-09 (round2 move mapping): the Rot; ROT_ROSTER_DEAD_DONOR_NAMES_1 renamed from BMT_ColonyPustuleHornet to the ported RSW_ name, now wired",0
RUT_TheRot,RSW_PustuleHornet,pustule hornet,RimMandrake: SW — Bestiary,,0.32,0.5,,,,import,"the_rot: owner review 2026-09 (round2 move mapping): the Rot; ROT_ROSTER_DEAD_DONOR_NAMES_1 renamed from BMT_PustuleHornet to the ported RSW_ name, now wired",0
RUT_TheRot,RSW_ShiroTrap,shiro-trap,RimMandrake: SW — Bestiary,floor-ambush,0.75,0.5,,,,import,"the_rot: owner review 2026-09 (round2 move mapping): The Rot; ROT_ROSTER_DEAD_DONOR_NAMES_1 renamed from ShiroTrap to the ported RSW_ShiroTrap (MLIE_FAUNA_ABSORPTION_1 Wave C), now wired",0
RUT_TheRot,RSW_SmogMoth,smog moth,RimMandrake: SW — Bestiary,,0.77,0.5,,,,import,"the_rot: owner review 2026-09 (round2 move mapping): Neat flier in the Rot; ROT_ROSTER_DEAD_DONOR_NAMES_1 renamed from BMT_SmogMoth to the ported RSW_ name, now wired",0
RUT_TheRot,RSW_Thrumbungus,thrumbungus,RimMandrake: SW — Bestiary,,4.0,0.5,,,,import,"the_rot: owner review 2026-09 (round2 move mapping): Make multi-hued and with a surface that's partially digesting itself, move it into the Rot; ROT_ROSTER_DEAD_DONOR_NAMES_1 renamed from BMT_Thrumbungus to the ported RSW_ name, now wired",0
RUT_TheRot,RSW_Yooka,yooka,RimMandrake: SW — Bestiary,,2.1,0.5,,,,import,"the_rot: owner review 2026-09 (round2 move mapping): The Rot; ROT_ROSTER_DEAD_DONOR_NAMES_1 renamed from BMT_Yooka to the ported RSW_ name, now wired",0
RUT_TheRot,Snoruuk,snoruuk,Star Wars Animal Collection (Continued),,0.5,0.5,,,0.613,import,the_rot: owner review 2026-09 (round2 move mapping): The Rot,0
RUT_TheRot,RSW_FungalWeevil,grellik,RimMandrake: SW — Bestiary,ingest-strange,0.5,0.4,,,,import,"the_rot: §7b keep the strange — fungal weevil (evicted from the Fever Wood's ban 5 into its true home); ROT_ROSTER_DEAD_DONOR_NAMES_1: renamed from BMT_FungalWeevil to the already-ported, already-wired RSW_ name",0
RUT_TheRot,AA_Swarmling,swarmling,Alpha Animals,hybrid-vermin,0.30000001192092896,0.3,,,0.558,adjust-keep,the_rot: §0 donor natives name the Swarmlings; this is one of its ≤2-3 ubiquity-trimmed homes (prep §9),0
RUT_TheRot,RSW_PustuleHornetQueen,pustule queen,RimMandrake: SW — Bestiary,wretched-small,1.0,0.3,,,,import,"the_rot: owner review 2026-09 (round2 move mapping): The Rot; ROT_ROSTER_DEAD_DONOR_NAMES_1 renamed from BMT_PustuleHornetQueen to the ported RSW_ name, moved in from RUT_Wasteland.xml, now wired",0
RUT_TheRot,AA_Agaripod,agaripod,Alpha Animals,hybrid-native,4,0.25,,,0.8,keep,the_rot: §0 donor natives; ban 2 passed,0
RUT_TheRot,AA_MycoidColossus,mycoid colossus,Alpha Animals,hybrid-giant,6,0.25,,,0.5,keep,the_rot: §0 donor natives; §9 'the Colossus as a walking piece of the forest',0
RUT_TheRot,AA_Agaripawn,agaripawn,Alpha Animals,hybrid-native,1.399999976158142,0.2,,,0.685,keep,the_rot: §0 donor natives; ban 2 passed by construction (fungus/animal hybrid),0
RUT_TheRot,AA_Wildpawn,wildpawn,Alpha Animals,hybrid-native,1.399999976158142,0.2,,,0.685,adjust-keep,the_rot: §0 donor natives; comm 0.035→0.2 — the natives ARE the biome; Miasma's strays consolidate here,0
RUT_TheRot,AA_Wildpod,wildpod,Alpha Animals,hybrid-native,4,0.2,,,0.8,adjust-keep,the_rot: §0 donor natives; comm 0.035→0.2,0
RUT_TheRot,RSW_ColonyPustuleHornetQueen,pustule queen,RimMandrake: SW — Bestiary,wretched-small,1.0,0.2,,,,import,"the_rot: owner review 2026-09 (round2 move mapping): The Rot; ROT_ROSTER_DEAD_DONOR_NAMES_1 renamed from BMT_ColonyPustuleHornetQueen to the ported RSW_ name, moved in from RUT_Wasteland.xml, now wired",0
RUT_TheRot,RSW_PustuleHornetSpawned,pustule hornet,RimMandrake: SW — Bestiary,wretched-small,0.32,0.2,,,,import,"the_rot: owner review 2026-09 (round2 move mapping): The Rot; ROT_ROSTER_DEAD_DONOR_NAMES_1 renamed from BMT_PustuleHornetSpawned to the ported RSW_ name, moved in from RUT_Wasteland.xml, now wired",0
RUT_TheRot,RSW_FungalMantis,skerrith,RimMandrake: SW — Bestiary,guardian,2.0,0.15,,,,import,"the_rot: §7b fungal mantis; §4 guardianship law — an armed defender near the prizes; dormant-ambush special (MEASURED); ROT_ROSTER_DEAD_DONOR_NAMES_1: renamed from BMT_FungalMantis to the already-ported, already-wired RSW_ name",0
RUT_Wasteland,Borcatu,Borcatu,Star Wars Animal Collection (Continued),wretched-small,0.4000000059604645,0.7,,,0.58,keep,wasteland: ruin-scavenger read (prep §4.2); bs 0.4 (MEASURED),0
RUT_Wasteland,GR_Beetlefleet,beetlefleet,Vanilla Genetics Expanded,wretched-small,0.30000001192092896,0.7,,,0.558,keep,"wasteland: §4.2 wretched register — named keep: vermin-of-ruin read (bs 0.3, spd 2.5 MEASURED); VGE hybrid, protected mechanics lane",0
RUT_Wasteland,GR_ParagonRat,rodent paragon,Vanilla Genetics Expanded,wretched-small,0.30000001192092896,0.7,,,0.558,keep,"wasteland: §4.2 wretched register — named keep (bs 0.3 MEASURED); VGE hybrid, protected mechanics lane",0
RUT_Wasteland,RSW_BloodletterPetrel,bloodletter petrel,RimMandrake: SW — Bestiary,wretched-small,0.32,0.7,,,,keep,"wasteland: Polluted Lands — the mod's register is contamination-shaped (prep §4.2); ROSTER_DEAD_BMT_NAMES_SWEEP_1: renamed from BMT_BloodletterPetrel to the already-ported, already-wired RSW_ name (RUT_Wasteland)",0
RUT_Wasteland,RSW_FleeceSpider,puffmite,RimMandrake: SW — Bestiary,wretched-small,0.32,0.7,,,,keep,"wasteland: prep §4.2; bs 0.32 (MEASURED); ROSTER_DEAD_BMT_NAMES_SWEEP_1: renamed from BMT_FleeceSpider to the already-ported, already-wired RSW_ name (RUT_Wasteland)",0
RUT_Wasteland,VFEI2_BlackSwarmling,black swarmlings,Alpha Animals,wretched-small,0.20000000298023224,0.6,,,0.605,adjust-keep,wasteland: as VFEI2_Swarmling (prep §4.2),0
RUT_Wasteland,VFEI2_Swarmling,swarmlings,Vanilla Factions Expanded - Insectoids 2,wretched-small,0.20000000298023224,0.6,,,0.605,adjust-keep,wasteland: vermin-of-ruin read (prep §4.2); ban 3 pass: bs 0.2 (MEASURED); trimmed 1.0→0.6 — wildlife never the headline,0
RUT_Wasteland,RSW_Sacapillar,sacapillar,RimMandrake: SW — Bestiary,,2.4,0.5,,,,import,"wasteland: owner review 2026-09 (round2 move mapping): PLACED: wasteland (homeless disposition sitting, frozen 2026-09-10) | WIRED 2026-09-23 (ROSTER_DEAD_BMT_NAMES_SWEEP_1 step 4) at the ruled 0.5 into RUT_Wasteland.xml wildAnimals, gated MayRequire=""mandrake.rsw.swbestiary"". The one LARGE row (bodySize 2.40) in that step, so the only one that can move ECOSYSTEM_PYRAMID_LAW_1 the wrong way. Not trimmed the way RSW_Korrum was in the Scarlands: that trim answered a MEASURED thin roster (total 1.51); this one is rich (17 rows, total 8.28) so 0.5 is ~6% of spawns. BOUND not a precise claim: at the 2026-09-20 sweep this biome was 73.3% small and adding 0.5 large gives 66.1%, far above the 50% floor; the current split is UNMEASURABLE on the Mac (no defs.sqlite). NEXT: re-run the pyramid sweep on the Desktop.",0
RUT_Wasteland,GR_Molebear,molebear,Vanilla Genetics Expanded,wretched-medium,1,0.4,,,0.575,keep,"wasteland: §4.2 VGE-hybrid mutant read — protected mechanics lane, REGENERATE art where too cute (bs 1.0 passes §4.3's bs≥1.5 predator bar, MEASURED)",0
RUT_Wasteland,GR_Spidercat,spidercat,Vanilla Genetics Expanded,wretched-medium,0.8500000238418579,0.4,,,0.705,keep,"wasteland: §4.2 VGE-hybrid mutant read — protected mechanics lane (bs 0.85 passes §4.3's predator bar, MEASURED)",0
RUT_Wasteland,RSW_Maligoat,kroffa,RimMandrake: SW — Bestiary,wretched-herd,1.0,0.4,,,,keep,"wasteland: ""maligoat"" is the wretched-herd read exactly (prep §4.2); ROSTER_DEAD_BMT_NAMES_SWEEP_1: renamed from BMT_Maligoat to the already-ported, already-wired RSW_ name (RUT_Wasteland)",0
RUT_Wasteland,RSW_Screecher,screecher,RimMandrake: SW — Bestiary,wretched-pack,1.0,0.4,,,,import,"wasteland: Polluted Lands register import (prep §4.4); pack vermin, bs 1.0 < 1.5 (ban 3 pass, MEASURED); ROSTER_DEAD_BMT_NAMES_SWEEP_1: renamed from BMT_Screecher to the already-ported, already-wired RSW_ name (RUT_Wasteland)",0
RUT_Wasteland,Toxalope,toxalope,Biotech,wretched-herd,1.399999976158142,0.4,,,0.435,import,"wasteland: owner card 2026-09-09 (prep §4.4): moves Desert → Wasteland; toxic-cloud death, marked (ban 4 pass)",0
RUT_Wasteland,AA_Terramorph,terramorph,Alpha Animals,extremophile-odd,1.5,0.2,,,0.646,keep,"wasteland: crust-mimic oddity; slow (spd 1.8, MEASURED); ban 3 pass (non-headline)",0
RUT_Wasteland,VAEWaste_Megatardi,megatardi,Vanilla Animals Expanded — Waste Animals,extremophile-odd,2,0.18,,,0.583,import,wasteland: waste-marked tardigrade-analog — extremophile-odd lane (ban 4 pass by marking),0
RUT_Webwork,AA_Feralisk,feralisk,Alpha Animals,,1,0.5,,,0.825,import,"the_webwork: owner review 2026-09 (round2 move mapping): MERGE-RESERVED: Should be reskinned to the Wysokk of the Web biome. Merge | REFINED: Wyyyschokk DUPLICATES feralisk's properties/attacks (stats, combat verbs), then AA_Feralisk retires ENTIRELY — build filed WYYYSCHOKK_FERALISK_MERGE_1 (sitting ruling 2026-09-10)",0
RUT_Webwork,GR_Chickenspider,chickenspider,Vanilla Genetics Expanded,,1.100000023841858,0.5,,,0.711,import,the_webwork: owner review 2026-09 (round2 move mapping): Baby evil spider in the Web biome Wysok(sp?),0
RUT_Webwork,Wyyyschokk,wyyyschokk,Star Wars Animal Collection (Continued),owner,3,0.4,,,0.742,import,"the_webwork: §4 THE species (SW mod ships it: insectoid, bs 3.0, spd 4.5 MEASURED; dormant-until-triggered special MEASURED — the concealed-burst read); Wyyyschokk to the galaxy, Feralisk on this world (header ruling)",0
RUT_Webwork,RSW_JewelBeetle,jewel beetle,RimMandrake: SW — Bestiary,anchor-beetle,2.45,0.3,,,,import,"the_webwork: §4b the anchor-beetles — neutral, unbothered, slow (non-predator, spd 3.1 MEASURED); interim body, chew-behaviour C# rides WEBWORK_MECHANICS_1; ROSTER_DEAD_BMT_NAMES_SWEEP_1: renamed from BMT_JewelBeetle to the already-ported, already-wired RSW_ name (RUT_Webwork)",0
RUT_Webwork,Kreetle,kreetle,Star Wars Animal Collection (Continued),trace-prey,0.20000000298023224,0.2,,,0.605,adjust-keep,the_webwork: §1 'few will enter' — a thin prey trickle keeps the hunts visible; comm 1.0→0.2,0
RUT_Webwork,Shyrack,shyrack,Star Wars Animal Collection (Continued),trace-flier,0.75,0.2,,,0.639,keep,"the_webwork: R17 fliers cross biomes; slow cave-mouth rooster (spd 1.5 MEASURED, flier claim UNMEASURED)",0
RUT_WeepingStones,Ollopom,ollopom,Star Wars Animal Collection (Continued),small-resident,0.6000000238418579,0.7,,,0.415,keep,weeping_stones: §10 obvious keep; herd special MEASURED — pool-crowd prey base; non-predator,0
RUT_WeepingStones,Fanback,fanback,Star Wars Animal Collection (Continued),large-resident,2,0.5,,,0.65,adjust-keep,weeping_stones: §10 ⭐ 'the Fanback is a gift — a literal fan on its back; the comb convergence was waiting for us'; raised from 0.18 to archetype prominence,0
RUT_WeepingStones,ColossusToad,colossus toad,Odyssey,medium-resident,0.800000011920929,0.4,,,0.52,keep,weeping_stones: §10 obvious keep; pool-margin amphibian body at reliable standing water (§4); slow (spd 3.2 MEASURED),0
RUT_WeepingStones,Dewback,dewback,Star Wars Animal Collection (Continued),large-resident,3,0.4,,,0.625,import,"weeping_stones: RULED move from LavaField (owner 2026-09-06, sheet §10 + WEEPING_STONES_ROSTER_1) — the films' dew-drinking lizard; its ridged back IS the comb the biome converges on (§4/§5)",0
RUT_WeepingStones,Boma,boma,Star Wars Animal Collection (Continued),large-margin,2,0.15,,,0.7,keep,"weeping_stones: §10 obvious keep; predator held to the margin ring (§10: violence lives on the approaches, never at full water)",0
RUT_WeepingStones,Dactillion,dactillion,Star Wars Animal Collection (Continued),flier-mount,3,0.15,,,0.625,keep,weeping_stones: §10 obvious keep — the flier mount; R17 fliers cross biomes; raised slightly from 0.084,0
RUT_WeepingStones,AA_Eyeling,ikee,Alpha Animals,omen,0.4000000059604645,0.1,,,0.56,import,"weeping_stones: this IS the ikee (register label 'ikee' MEASURED) — sheet §10: already placed here, uncommon, 'near water and traffic; an omen, never a herd'",0
RUT_WeepingStones,Bantha,bantha,Star Wars Animal Collection (Continued),pilgrim,4,0.1,,,0.5,import,"weeping_stones: §10 pilgrims ring — 'every big animal on the hot half of the world must come here' (§4); low commonality = visitor, not resident; primary home stays Desert (herds are Desert infrastructure, owner card 3)",0
RUT_WeepingStones,Eopie,eopie,Star Wars Animal Collection (Continued),pilgrim,1.399999976158142,0.1,,,0.455,import,weeping_stones: §10 pilgrims — pack icon of the caravan string (§8 the oasis string is the bead-chain the roads follow),0
RUT_WeepingStones,Jamel,Jamel,Star Wars Animal Collection (Continued),pilgrim,1.899999976158142,0.1,,,0.447,import,"weeping_stones: §10 pilgrims — slow herd endurer off the desert roads; MEASURED bs 1.9, spd 1.5, herd, non-predator",0
ZBiome_Grasslands,Gizka,gizka,Star Wars Animal Collection (Continued),grain,0.18000000715255737,1.0,,,0.555,adjust-keep,"the_pyrelands: small quick forager between burns; MEASURED bs 0.18 spd 3.0; restored to 1.0 by ECOSYSTEM_PYRAMID_LAW_1 (owner 'Yes on Gizka', 2026-09-14) — the grain outnumbers everything, beating Zeer 0.6; second home beside ExtremeDesert (not a ubiquity-25 row, ≤2 homes fine)",0
ZBiome_Grasslands,Zeer,zeer,Star Wars Animal Collection (Continued),large-herd,3,0.6,,,0.475,adjust-keep,"the_pyrelands: §4 ash-grazers — 'the great herds eating the regrowth sprint'; herd special MEASURED (bs 3.0, non-predator, migrates in herds)",0
ZBiome_Grasslands,GR_Boomsnake,boomsnake,Vanilla Genetics Expanded,venom-ambusher,1.5,0.5,,,0.438,import,"the_pyrelands: restored and renamed per FLAMEFANG_SNAKE_REBIRTH_1 (owner 2026-09-16, postdates and supersedes BOOMSNAKE_CUT_CONFLICT_1's eviction): ""rename this to Flamefang and make it venomous"" — venomous ambush niche, distinct from AA_Razorjack's fire-follower slot",0
ZBiome_Grasslands,Iriaz,iriaz,Star Wars Animal Collection (Continued),small-herd,0.699999988079071,0.5,,,0.417,import,"the_pyrelands: §4 ash-grazers; MEASURED bs 0.7, herd, non-predator; Dantooine grassland canon — moved out of the Forge defs where a docile grazer violated heat-adapted-and-few",0
ZBiome_Grasslands,Nuna,nuna,Star Wars Animal Collection (Continued),small,0.6000000238418579,0.5,,,0.415,adjust-keep,"the_pyrelands: §4 fire-followers need flushed prey — ground fowl flushed ahead of the flame-line; MEASURED bs 0.6, herd, non-predator",0
ZBiome_Grasslands,AA_FireWasp,fire wasp,Alpha Animals,small-predator,0.7900000214576721,0.4,,,0.736,keep,"the_pyrelands: incumbent; 'burning bite that feeds on the wound' (MEASURED special) — a fire-armed native in the fire biome; slow (spd 1.5), no pursuit read",0
ZBiome_Grasslands,Anooba,anooba,Star Wars Animal Collection (Continued),medium-predator,0.949999988079071,0.35,,,0.574,import,"the_pyrelands: §4 fire-followers — 'hunters working the flame edge and the flushed panic'; MEASURED predator, spd 5.0 (no pursuit ban in this sheet); SW pack hunter",0
ZBiome_Grasslands,Orray,orray,Star Wars Animal Collection (Continued),medium,2,0.25,,,0.67,import,"the_pyrelands: §4 burrowers — register special 'burrows underground when hungry' (MEASURED), the one live def with the fire-diving mechanic; also a predator, so it doubles at the flame edge",0
ZBiome_Grasslands,AA_Razorjack,razorjack,Alpha Animals,fire-follower,1,0.2,,,0.575,import,"the_pyrelands: §4 fire-followers — owner ruling PYRELANDS_FIRE_WEB_COMMISSION_1 (2026-09-10) recasts it here; MEASURED fast omnivore (spd 4.0, bs 1, predator, Wildness 0.75), already the_contagion.json's 'fast omnivore on the carcass economy' — the same read fits the flushed-panic flame edge",0
ZBiome_Grasslands,Dalgo,dalgo,Star Wars Animal Collection (Continued),brake,2.5,0.18,,,0.672,import,the_pyrelands: owner review 2026-09 (round2 move mapping): Pyrelands,0
ZBiome_Grasslands,AA_Barbslinger,barbslinger,Alpha Animals,ash-grazer,2.5,0.15,,,0.796,move,"the_pyrelands: §4 ash-grazers — owner ruling PYRELANDS_FIRE_WEB_COMMISSION_1 (2026-09-10) routes it here, reversing the prior no-fire-story eviction below",0
ZBiome_Grasslands,RUT_FireHawk,fire-hawk,RimUtinni Patches (Jawa campaign),igniter-flier,0.65,0.15,,,,commission,the_pyrelands: §4 'the fire-hawks (ruled: absolutely)' — one of the two irreplaceable igniters; tameable under the reversed ban 5 (owner 2026-09-10); PYRELANDS_FIRE_WEB_COMMISSION_1,0
ZBiome_Grasslands,RUT_FurnaceBeast,furnace-beast,RimUtinni Patches (Jawa campaign),igniter-megafauna,3.2,0.08,,,,commission,"the_pyrelands: §4 'the furnace-beasts (owner)' — the second irreplaceable igniter; TAMEABLE under the reversed ban 5 (owner 2026-09-10) — the VEF CompProperties_Untameable comp is removed, trainability Intermediate, wildness 0.97 (strictly under TameUtility.CanTame's 1.0 refusal); PYRELANDS_FIRE_WEB_COMMISSION_1",0
ZBiome_Grasslands,GR_Mantistanis,mantistanis,Vanilla Genetics Expanded,large-predator,3,0.05,,,0.808,import,"the_pyrelands: §4 fire-followers — passes the flame-edge hunter test on stats (predator, spd 7.0 MEASURED, self-healing suits repeated burns); restored by the GR_ correction pass; second flame-edge hunter beside Anooba — owner may trim to one at review",0
